processor,row_weighted,campaign_weighted,row_weighted_p25,row_weighted_p75,row_weighted_iqr_width,row_vs_campaign_divergence
ACOLITE+T-Mart,2.743,10.549,2.034,12.516,10.482,7.806
RAdCor+ACOLITE,4.154,9.257,2.799,11.391,8.592,5.103
ACOLITE+RAdCor,4.902,8.054,2.941,13.944,11.003,3.152
C2RCC+T-Mart,5.059,9.476,3.667,9.935,6.268,4.417
ACOLITE,5.191,6.86,3.039,10.126,7.087,1.668
GAAC,5.535,10.532,2.795,10.318,7.523,4.997
C2RCC+RAdCor,5.581,12.861,4.334,12.805,8.471,7.28
C2RCC,6.467,14.244,5.083,13.984,8.902,7.777
Polymer+T-Mart,8.972,8.397,5.676,11.07,5.394,0.575
Polymer+Radcor,10.15,10.229,8.918,11.492,2.574,0.079
Polymer,10.849,10.999,9.361,13.078,3.717,0.149
