processor,rank_msa,band,MSA_percent_n,MSA_percent_median,MSA_percent_q25,MSA_percent_q75,MSA_percent_min,MSA_percent_max,SB_percent_n,SB_percent_median,SB_percent_q25,SB_percent_q75,SB_percent_min,SB_percent_max,MAE_n,MAE_median,MAE_q25,MAE_q75,MAE_min,MAE_max,RMSE_n,RMSE_median,RMSE_q25,RMSE_q75,RMSE_min,RMSE_max,SAM_deg_n,SAM_deg_median,SAM_deg_q25,SAM_deg_q75,SAM_deg_min,SAM_deg_max
ACOLITE,1,443,3658,12.67,5.0024999999999995,71.1225,0.0,1413.81,3658,6.915,-2.265,70.43,-389.68,1413.81,3658,0.00065936274780925,0.000274318536883925,0.00196512012804655,5.7359561917921806e-09,0.021114856868493,3658,0.00065936274780925,0.000274318536883925,0.00196512012804655,5.7359561917921806e-09,0.021114856868493,0,,,,,
GAAC,2,443,3626,17.275,6.8025,77.28,0.01,1535.72,3626,9.28,-1.74,33.4375,-388.03,1535.72,3626,0.0008556668901427999,0.000387158037592025,0.0015733798862572,4.000850988864976e-07,0.0236393019918944,3626,0.0008556668901427999,0.000387158037592025,0.0015733798862572,4.000850988864976e-07,0.0236393019918944,0,,,,,
ACOLITE+T-Mart,3,443,3658,17.735,6.19,103.3125,0.02,1446.53,3658,16.205,1.3,102.7425,-227.18,1446.53,3658,0.00098359893562,0.000345952741297375,0.0034892238300268247,1.3844864151478509e-06,0.0218473439360733,3658,0.00098359893562,0.000345952741297375,0.0034892238300268247,1.3844864151478509e-06,0.0218473439360733,0,,,,,
RAdCor+ACOLITE,4,443,3658,20.9,11.135000000000002,82.09,0.0,1451.52,3658,20.715,10.85,81.4125,-214.93,1451.52,3658,0.001163685361824,0.00065288305233495,0.0022316334665844,8.11733963492281e-08,0.023102256401884,3658,0.001163685361824,0.00065288305233495,0.0022316334665844,8.11733963492281e-08,0.023102256401884,0,,,,,
Polymer+T-Mart,5,443,3654,23.325,11.8325,35.9625,0.01,674.68,3654,23.295,11.3325,35.935,-49.72,674.68,3654,0.0010789227231974,0.0005530522153565,0.00185160543716955,4.809360150317271e-07,0.0109707572793291,3654,0.0010789227231974,0.0005530522153565,0.00185160543716955,4.809360150317271e-07,0.0109707572793291,0,,,,,
C2RCC+T-Mart,6,443,3658,23.56,12.7025,74.945,0.0,472.43,3658,-12.195,-26.14,16.025,-472.43,259.24,3658,0.0010387719236739,0.00061947788981615,0.0015742087438508751,1.5475609608898988e-08,0.010385722785997,3658,0.0010387719236739,0.00061947788981615,0.0015742087438508751,1.5475609608898988e-08,0.010385722785997,0,,,,,
ACOLITE+RAdCor,7,443,3658,25.095,10.0,157.275,0.01,1533.79,3658,1.05,-11.524999999999999,157.275,-85.15,1533.79,3658,0.0010978324504569,0.000509103031433025,0.0042468364771946,6.137685527804471e-07,0.0233356402511472,3658,0.0010978324504569,0.000509103031433025,0.0042468364771946,6.137685527804471e-07,0.0233356402511472,0,,,,,
Polymer+Radcor,8,443,3654,40.5,29.512500000000003,52.4225,0.0,713.93,3654,40.5,29.4875,52.4225,-36.4,713.93,3654,0.00207254444727705,0.001354848783176225,0.002621878326091275,1.0908745258801297e-07,0.0116088866752852,3654,0.00207254444727705,0.001354848783176225,0.002621878326091275,1.0908745258801297e-07,0.0116088866752852,0,,,,,
C2RCC+RAdCor,9,443,3653,42.72,14.67,67.39,0.0,631.54,3653,-14.86,-55.35,14.35,-631.54,234.01,3653,0.001471049383081,0.0006729863449739,0.0020884383777954,2.7292996709026025e-08,0.004339892567525,3653,0.001471049383081,0.0006729863449739,0.0020884383777954,2.7292996709026025e-08,0.004339892567525,0,,,,,
C2RCC,10,443,3658,48.305,20.802500000000002,74.5925,0.02,963.19,3658,-21.36,-64.455,20.45,-963.19,249.2,3658,0.0015401145680946499,0.00088754308117515,0.0022716376952936247,1.318941247064817e-06,0.0044801633317755,3658,0.0015401145680946499,0.00088754308117515,0.0022716376952936247,1.318941247064817e-06,0.0044801633317755,0,,,,,
Polymer,11,443,3654,53.695,40.4375,68.54,1.91,679.1,3654,53.695,40.4375,68.54,-22.38,679.1,3654,0.0027748013644764997,0.0018501193333993748,0.00358127129857825,4.101255736957844e-05,0.011656199037809,3654,0.0027748013644764997,0.0018501193333993748,0.00358127129857825,4.101255736957844e-05,0.011656199037809,0,,,,,
Polymer+T-Mart,1,490,3654,9.075,4.43,17.1825,0.0,364.37,3654,3.49,-5.345,12.377500000000001,-90.41,364.37,3654,0.0006654338126454501,0.00032787194717125,0.001118431634693175,1.85377886142285e-07,0.0101432331494888,3654,0.0006654338126454501,0.00032787194717125,0.001118431634693175,1.85377886142285e-07,0.0101432331494888,0,,,,,
GAAC,2,490,3642,9.32,3.73,44.5175,0.01,3517.93,3642,-0.385,-9.125,9.6775,-3517.93,787.7,3642,0.00070507813059795,0.00029556773451397503,0.001808375520452175,6.031114117479447e-07,0.0216036854142391,3642,0.00070507813059795,0.00029556773451397503,0.001808375520452175,6.031114117479447e-07,0.0216036854142391,0,,,,,
ACOLITE,3,490,3658,11.14,5.3325,24.6,0.01,737.62,3658,3.99,-6.6475,20.0025,-127.63,737.62,3658,0.0008215822733158499,0.000404849486724175,0.001456583306591475,4.895406198503205e-07,0.0199529284818162,3658,0.0008215822733158499,0.000404849486724175,0.001456583306591475,4.895406198503205e-07,0.0199529284818162,0,,,,,
RAdCor+ACOLITE,4,490,3658,12.73,5.4,25.215,0.0,749.54,3658,11.344999999999999,2.35,24.9675,-116.02,749.54,3658,0.00096746132931465,0.000463553939456125,0.001592248576360625,2.416119713778697e-07,0.0213134287132015,3658,0.00096746132931465,0.000463553939456125,0.001592248576360625,2.416119713778697e-07,0.0213134287132015,0,,,,,
Polymer+Radcor,5,490,3654,13.44,6.35,25.055,0.0,390.54,3654,11.98,3.2425,24.3575,-76.08,390.54,3654,0.0010624823546105501,0.00049329647011925,0.00165131535889375,1.8331809792382362e-08,0.0108717333001039,3654,0.0010624823546105501,0.00049329647011925,0.00165131535889375,1.8331809792382362e-08,0.0108717333001039,0,,,,,
ACOLITE+T-Mart,6,490,3658,15.15,6.915,35.5925,0.01,750.85,3658,11.86,-3.585,35.375,-107.05,750.85,3658,0.0011640286318985,0.0005771692204297001,0.001930939750883325,1.094153997897862e-06,0.0205000432414999,3658,0.0011640286318985,0.0005771692204297001,0.001930939750883325,1.094153997897862e-06,0.0205000432414999,0,,,,,
ACOLITE+RAdCor,7,490,3658,15.62,6.2125,66.52,0.0,770.48,3658,2.825,-8.215,66.42750000000001,-159.64,770.48,3658,0.0011966184592618499,0.000495207644616425,0.0028085951188698,1.6215523433726897e-07,0.0205031203312864,3658,0.0011966184592618499,0.000495207644616425,0.0028085951188698,1.6215523433726897e-07,0.0205031203312864,0,,,,,
Polymer,8,490,3654,19.485,10.4325,33.6275,0.01,371.64,3654,19.185000000000002,9.3525,33.5775,-59.9,371.64,3654,0.0015968782588213501,0.000758594249549675,0.002254574359769025,6.737171823201216e-07,0.0103454423228231,3654,0.0015968782588213501,0.000758594249549675,0.002254574359769025,6.737171823201216e-07,0.0103454423228231,0,,,,,
C2RCC+T-Mart,9,490,3658,23.675,12.865,46.265,0.04,577.45,3658,-16.555,-30.6575,6.165,-577.45,200.2,3658,0.00158365953952955,0.0008707271755228,0.0024442335356065,1.150009992299198e-06,0.012403873250215,3658,0.00158365953952955,0.0008707271755228,0.0024442335356065,1.150009992299198e-06,0.012403873250215,0,,,,,
C2RCC+RAdCor,10,490,3653,33.14,12.51,55.58,0.04,780.7,3653,-16.34,-51.37,5.88,-780.7,111.31,3653,0.0017679570749613,0.00081114880211,0.0028871112824867,2.753312874288847e-06,0.006078679982747,3653,0.0017679570749613,0.00081114880211,0.0028871112824867,2.753312874288847e-06,0.006078679982747,0,,,,,
C2RCC,11,490,3658,37.11,18.34,60.155,0.06,1258.35,3658,-23.24,-55.9275,7.7075,-1258.35,110.77,3658,0.0020206835942191,0.0010703782588515252,0.003029806900495575,4.365931066094113e-06,0.006582134074269,3658,0.0020206835942191,0.0010703782588515252,0.003029806900495575,4.365931066094113e-06,0.006582134074269,0,,,,,
Polymer,1,560,3654,7.305,3.1625,14.9625,0.0,184.42,3654,-1.8,-8.39,5.78,-145.38,184.42,3654,0.0006048650324561001,0.00025939515839259997,0.001162108611405875,4.3213360719635e-09,0.0112647258688267,3654,0.0006048650324561001,0.00025939515839259997,0.001162108611405875,4.3213360719635e-09,0.0112647258688267,0,,,,,
ACOLITE,2,560,3658,8.105,3.5225,14.627500000000001,0.0,588.05,3658,2.9299999999999997,-4.33,12.06,-181.56,588.05,3658,0.0006798557135548,0.00030044568586495,0.0012865343453181501,3.478845190998253e-07,0.0188326565588521,3658,0.0006798557135548,0.00030044568586495,0.0012865343453181501,3.478845190998253e-07,0.0188326565588521,0,,,,,
RAdCor+ACOLITE,3,560,3658,8.41,3.94,14.8,0.0,612.35,3658,5.59,-1.23,13.4575,-192.24,612.35,3658,0.0007083381083116,0.0003278412057123,0.0013037676710695501,4.598409850597661e-07,0.0189492674584198,3658,0.0007083381083116,0.0003278412057123,0.0013037676710695501,4.598409850597661e-07,0.0189492674584198,0,,,,,
Polymer+Radcor,4,560,3654,8.795,4.0725,16.979999999999997,0.01,192.67,3654,-6.355,-14.0875,0.057499999999999996,-166.11,192.67,3654,0.000717984083621,0.000316098380035875,0.00126412900882445,4.977804515093193e-07,0.0118682560877685,3654,0.000717984083621,0.000316098380035875,0.00126412900882445,4.977804515093193e-07,0.0118682560877685,0,,,,,
ACOLITE+RAdCor,5,560,3658,9.975000000000001,4.18,29.380000000000003,0.01,560.45,3658,1.915,-6.217499999999999,23.947499999999998,-212.56,560.45,3658,0.0008157959898668,0.00037491161050085,0.0019244275033767,1.2037635180950704e-06,0.0178761081809806,3658,0.0008157959898668,0.00037491161050085,0.0019244275033767,1.2037635180950704e-06,0.0178761081809806,0,,,,,
ACOLITE+T-Mart,6,560,3658,10.13,5.012499999999999,16.6875,0.0,589.97,3658,3.88,-6.13,13.47,-182.36,589.97,3658,0.0008462321816178,0.000421874369007325,0.00142864537996025,5.6574540972537813e-08,0.0189860509748268,3658,0.0008462321816178,0.000421874369007325,0.00142864537996025,5.6574540972537813e-08,0.0189860509748268,0,,,,,
GAAC,7,560,3658,10.48,4.67,22.93,0.01,603.1,3658,2.08,-10.98,10.2475,-256.91,603.1,3658,0.0008497304926137,0.00042888016786204997,0.0014923413752052,5.812551888990242e-07,0.0189941549453056,3658,0.0008497304926137,0.00042888016786204997,0.0014923413752052,5.812551888990242e-07,0.0189941549453056,0,,,,,
Polymer+T-Mart,8,560,3654,16.0,8.7925,25.18,0.01,170.7,3654,-14.49,-23.385,-6.68,-166.92,170.7,3654,0.00122681542750075,0.0006896154796376749,0.001741881898607825,6.920354195943945e-07,0.0118901464883193,3654,0.00122681542750075,0.0006896154796376749,0.001741881898607825,6.920354195943945e-07,0.0118901464883193,0,,,,,
C2RCC+T-Mart,9,560,3658,28.27,17.72,47.42,0.03,481.77,3658,-24.3,-35.2525,-13.87,-481.77,193.58,3658,0.0018287586550096002,0.0013699151063307,0.00262039035731135,3.5972846111204104e-06,0.0155221777952251,3658,0.0018287586550096002,0.0013699151063307,0.00262039035731135,3.5972846111204104e-06,0.0155221777952251,0,,,,,
C2RCC+RAdCor,10,560,3653,35.26,20.78,56.62,0.0,452.98,3653,-35.26,-56.62,-20.78,-452.98,16.59,3653,0.0021256339642386,0.0014613085903093,0.0031360172057779,1.473236095062003e-07,0.0140126117646449,3653,0.0021256339642386,0.0014613085903093,0.0031360172057779,1.473236095062003e-07,0.0140126117646449,0,,,,,
C2RCC,11,560,3658,44.755,26.802500000000002,73.1675,0.05,634.73,3658,-44.755,-73.1675,-26.802500000000002,-634.73,15.6,3658,0.00253722280882015,0.001601080454020925,0.00400327107642195,1.526559736522281e-06,0.0140770586311729,3658,0.00253722280882015,0.001601080454020925,0.00400327107642195,1.526559736522281e-06,0.0140770586311729,0,,,,,
ACOLITE+RAdCor,1,665,3626,18.72,7.3125,60.635,0.01,7352.59,3626,5.69,-9.192499999999999,47.08,-7352.59,1234.23,3626,0.0004111786668945,0.000179327845987375,0.0010645349624874,3.192512146232493e-07,0.0165940707743167,3626,0.0004111786668945,0.000179327845987375,0.0010645349624874,3.192512146232493e-07,0.0165940707743167,0,,,,,
ACOLITE+T-Mart,2,665,3658,23.07,10.785,37.894999999999996,0.0,1412.78,3658,14.02,-7.41,32.1575,-1412.78,1325.03,3658,0.000488225713325,0.0002255153795259,0.0008146840877801,7.281942594056234e-08,0.0178273746937513,3658,0.000488225713325,0.0002255153795259,0.0008146840877801,7.281942594056234e-08,0.0178273746937513,0,,,,,
ACOLITE,3,665,3658,24.82,11.48,41.870000000000005,0.01,1318.57,3658,12.715,-8.645,32.5225,-996.39,1318.57,3658,0.0005080069794018999,0.000244715149947125,0.0008979330343977,2.749151307344065e-07,0.0176773851931095,3658,0.0005080069794018999,0.000244715149947125,0.0008979330343977,2.749151307344065e-07,0.0176773851931095,0,,,,,
RAdCor+ACOLITE,4,665,3658,25.545,13.362499999999999,40.2775,0.0,1311.84,3658,20.645000000000003,-0.5,36.475,-300.88,1311.84,3658,0.00057034821559585,0.000266037543934775,0.000922542426394525,3.433353543309814e-09,0.0171004532327175,3658,0.00057034821559585,0.000266037543934775,0.000922542426394525,3.433353543309814e-09,0.0171004532327175,0,,,,,
GAAC,5,665,3627,35.08,11.68,63.41,0.0,3731.38,3627,13.29,-10.245000000000001,46.69,-3731.38,1361.97,3627,0.0006713901178461,0.00027273449902684996,0.0011761072391133,9.610422245205989e-08,0.0184155127589079,3627,0.0006713901178461,0.00027273449902684996,0.0011761072391133,9.610422245205989e-08,0.0184155127589079,0,,,,,
Polymer+T-Mart,6,665,3654,41.15,17.744999999999997,67.8475,0.01,475.1,3654,-40.825,-67.83,-14.282499999999999,-475.1,73.69,3654,0.00060972691125275,0.0003232814079431,0.0010023384595528248,1.0402314005119285e-07,0.0045846961899103,3654,0.00060972691125275,0.0003232814079431,0.0010023384595528248,1.0402314005119285e-07,0.0045846961899103,0,,,,,
Polymer+Radcor,7,665,3654,45.41,22.76,65.39250000000001,0.03,713.37,3654,-45.39,-65.36250000000001,-21.3825,-713.37,133.1,3654,0.0007667271494582999,0.00032540023576467503,0.0010290931667433,4.657764620949814e-07,0.0047753733418119,3654,0.0007667271494582999,0.00032540023576467503,0.0010290931667433,4.657764620949814e-07,0.0047753733418119,0,,,,,
Polymer,8,665,3654,52.195,25.622500000000002,85.4675,0.08,1034.25,3654,-52.195,-85.4675,-23.185,-1034.25,51.06,3654,0.0008614892767592999,0.00038594149698410003,0.001135092183207175,9.883421337674413e-07,0.004650870465826,3654,0.0008614892767592999,0.00038594149698410003,0.001135092183207175,9.883421337674413e-07,0.004650870465826,0,,,,,
C2RCC+T-Mart,9,665,3658,84.75999999999999,46.8775,118.1225,0.24,1498.77,3658,-72.305,-104.11,-32.9925,-1498.77,465.83,3658,0.0011141020519154499,0.000730764865507325,0.0014299910185296251,2.1668616940969418e-06,0.0087616722172624,3658,0.0011141020519154499,0.000730764865507325,0.0014299910185296251,2.1668616940969418e-06,0.0087616722172624,0,,,,,
C2RCC+RAdCor,10,665,3653,111.28,73.16,145.09,9.09,1626.12,3653,-111.28,-145.09,-73.16,-1626.12,46.77,3653,0.0012550206479919,0.0007832360449235,0.0015008488997356,3.583226084238742e-05,0.005968722634433,3653,0.0012550206479919,0.0007832360449235,0.0015008488997356,3.583226084238742e-05,0.005968722634433,0,,,,,
C2RCC,11,665,3658,143.48000000000002,98.835,195.6,6.68,1480.58,3658,-143.48000000000002,-195.6,-98.835,-1480.58,-6.68,3658,0.00140251303225945,0.000941270868136725,0.0016615677139153,2.6010751194075453e-05,0.0060429808572247,3658,0.00140251303225945,0.000941270868136725,0.0016615677139153,2.6010751194075453e-05,0.0060429808572247,0,,,,,
ACOLITE+T-Mart,1,704,1715,20.03,10.219999999999999,33.885,0.02,687.95,1715,15.87,1.8650000000000002,31.445,-260.45,687.95,1715,0.0002460616127904,0.000137503109584,0.000370940372274,2.693988962769109e-07,0.001646983075057,1715,0.0002460616127904,0.000137503109584,0.000370940372274,2.693988962769109e-07,0.001646983075057,0,,,,,
C2RCC+T-Mart,2,704,1715,42.88,25.49,68.185,0.03,730.26,1715,-42.87,-68.18,-25.455,-730.26,283.82,1715,0.0004102954955157,0.00023066716754519998,0.0005715260053379999,2.4010226799841584e-07,0.0031940470965946,1715,0.0004102954955157,0.00023066716754519998,0.0005715260053379999,2.4010226799841584e-07,0.0031940470965946,0,,,,,
RAdCor+ACOLITE,3,704,1715,53.97,30.07,71.825,0.02,1123.47,1715,49.29,15.954999999999998,68.69,-1123.47,734.25,1715,0.0006746378932645,0.00032628177798960003,0.0009805822451173498,1.376892774105276e-07,0.0017578175627709,1715,0.0006746378932645,0.00032628177798960003,0.0009805822451173498,1.376892774105276e-07,0.0017578175627709,0,,,,,
ACOLITE+RAdCor,4,704,1708,65.67,38.555,111.46,0.03,1270.43,1708,65.075,37.4525,110.41250000000001,-1270.43,697.05,1708,0.0008968526889301,0.000557757110645,0.0012660133386087,4.552799433470492e-07,0.0033711964983804,1708,0.0008968526889301,0.000557757110645,0.0012660133386087,4.552799433470492e-07,0.0033711964983804,0,,,,,
ACOLITE,5,704,1715,67.96,40.71,88.205,0.36,2193.13,1715,63.86,18.085,84.685,-2193.13,986.1,1715,0.0009605608792297,0.0004106153083176,0.0012020686338045,2.389333493739345e-06,0.0023607630153269,1715,0.0009605608792297,0.0004106153083176,0.0012020686338045,2.389333493739345e-06,0.0023607630153269,0,,,,,
GAAC,6,704,1710,74.09,54.865,95.0775,0.28,5773.56,1710,58.480000000000004,-44.9225,82.39250000000001,-5773.56,253.26,1710,0.0008979268209209,0.000552582577385325,0.001128391066178075,2.0748548800915423e-06,0.0018340937560651,1710,0.0008979268209209,0.000552582577385325,0.001128391066178075,2.0748548800915423e-06,0.0018340937560651,0,,,,,
Polymer+T-Mart,7,704,1697,106.05,74.4,163.68,13.39,9549.88,1697,-106.04,-163.51,-74.39,-9549.88,194.5,1697,0.0007081936282891,0.0005088703264706,0.0008878541805799,0.0001125696138707,0.0015332095275076,1697,0.0007081936282891,0.0005088703264706,0.0008878541805799,0.0001125696138707,0.0015332095275076,0,,,,,
C2RCC+RAdCor,8,704,1710,118.765,65.7675,148.82750000000001,0.12,893.18,1710,-118.685,-148.8175,-65.46000000000001,-893.18,306.71,1710,0.00072298993880875,0.00042135084469524997,0.0008803854513862251,7.918151635580599e-07,0.0030128343071883,1710,0.00072298993880875,0.00042135084469524997,0.0008803854513862251,7.918151635580599e-07,0.0030128343071883,0,,,,,
C2RCC,9,704,1715,173.45,133.565,203.98,7.59,1634.33,1715,-173.45,-203.98,-133.565,-1634.33,105.27,1715,0.0008532090882504,0.0006163573656572,0.00099374564712745,4.166795997625279e-05,0.0032006898928249,1715,0.0008532090882504,0.0006163573656572,0.00099374564712745,4.166795997625279e-05,0.0032006898928249,0,,,,,
Polymer+Radcor,10,704,1667,352.48,178.20999999999998,634.77,8.18,8264.98,1667,-352.48,-634.77,-177.68,-8264.98,237.75,1667,0.0010562956770533,0.00065391082451425,0.0012584992022991,5.401382303241728e-05,0.0033775483810511,1667,0.0010562956770533,0.00065391082451425,0.0012584992022991,5.401382303241728e-05,0.0033775483810511,0,,,,,
Polymer,11,704,1060,801.995,227.90249999999997,1826.5325,48.8,14856.02,1060,-801.995,-1826.5325,-227.90249999999997,-14856.02,-48.8,1060,0.0011718989568878001,0.0005908520091886,0.0013895509435861999,0.0002715238473154,0.0021544721044431,1060,0.0011718989568878001,0.0005908520091886,0.0013895509435861999,0.0002715238473154,0.0021544721044431,0,,,,,
ACOLITE,1,overall,3658,12.305,7.14,27.5475,0.6,990.06,3658,5.3100000000000005,-2.3475,14.93,-153.16,990.06,3658,0.00074,0.00052,0.0011,0.0001,0.01939,3658,0.00085,0.00064,0.00137,0.00012,0.01944,3658,5.1914813753158855,3.038699211762923,10.125703636026742,1.0936505520051312,26.94052796556858
ACOLITE+T-Mart,2,overall,3658,15.635,8.115,33.8125,0.64,1001.13,3658,11.98,-2.7,32.435,-225.88,1001.13,3658,0.00086,0.00046,0.00144,7e-05,0.01979,3658,0.001,0.00055,0.00185,9e-05,0.01985,3658,2.742574224494546,2.034184193293529,12.516192394123362,0.2345693895748141,28.17596687937624
ACOLITE+RAdCor,3,overall,3658,16.37,7.58,71.71245826771627,0.76,977.69,3658,2.93,-6.105,61.995000000000005,-168.07,977.69,3658,0.00087,0.00046,0.0021,5e-05,0.01958,3658,0.00098,0.00055,0.0024375,7e-05,0.01975,3658,4.902246587216103,2.941249379684097,13.944215249091918,0.1874660232183837,33.89902440998047
RAdCor+ACOLITE,4,overall,3658,17.134999999999998,10.44,26.9675,0.78,995.18,3658,14.26,5.1075,23.48,-213.67,995.18,3658,0.00087,0.00058,0.00128,8e-05,0.02009,3658,0.00099,0.00066,0.00148,0.0001,0.02023,3658,4.154039213200918,2.7988965808558066,11.39129074215482,0.6449859121495557,29.884473365883384
GAAC,5,overall,3658,17.39,7.0275,48.135,0.57,1039.2,3658,4.27,-10.004999999999999,20.1475,-755.6310973295316,1039.2,3658,0.000725,0.00049,0.00153,0.0001,0.02066,3658,0.00082,0.00059,0.00163,0.00011,0.02077,3651,5.535381793023663,2.794768915150721,10.317694103863609,0.404085988576256,42.81053757221048
Polymer+T-Mart,6,overall,3654,23.325,15.0425,29.1475,2.32,231.86,3654,-6.24,-15.1025,1.4375,-131.06,231.86,3654,0.000965,0.00065,0.00129,0.0002,0.00605,3654,0.00109,0.00076,0.00145,0.00024,0.00758,3654,8.97197359905348,5.675648973185265,11.069514445941515,1.956247789044841,33.245228534713846
Polymer+Radcor,7,overall,3654,28.63,22.3425,38.8475,2.75,245.49,3654,-0.595,-9.8375,9.717500000000001,-116.46,245.49,3654,0.00122,0.00091,0.00144,0.00023,0.00648,3654,0.0014,0.00106,0.00165,0.00033,0.00808,3654,10.149843995233326,8.917745600584169,11.491959416642032,2.2750707122160234,32.90991953196511
C2RCC+T-Mart,8,overall,3658,28.69,18.59,56.0425,2.42,379.93,3658,-21.81,-35.795,-11.42,-379.93,226.46,3658,0.00128,0.00088,0.00174,0.00026,0.01177,3658,0.00142,0.00101,0.0019,0.00032,0.01204,3658,5.0592147444715785,3.667040307998718,9.934706539472238,0.8520999222564061,43.26175155226143
Polymer,9,overall,3654,32.394999999999996,25.75,50.084561486181755,4.23,245.62,3654,6.720000000000001,-3.765,18.97,-98.08,245.62,3654,0.0014558080729914,0.00107,0.001774797401634225,0.00023,0.00632,3654,0.00172,0.00133,0.0021269407746084,0.00025,0.0077,3654,10.849418103430859,9.360809875114992,13.078014893292298,2.852508087890436,32.19791069966776
C2RCC+RAdCor,10,overall,3653,44.53,23.75,62.32,4.33,480.49,3653,-33.48,-58.0,-13.54,-480.49,55.36,3653,0.00153,0.00102,0.00197,0.00038,0.00737,3653,0.00171,0.00116,0.00217,0.00049,0.00837,3653,5.581145120126515,4.333877626827392,12.805208751679196,0.7118073406643111,43.51733080545049
C2RCC,11,overall,3658,56.22,32.3275,76.6275,4.62,634.73,3658,-41.755,-72.2375,-21.1725,-634.73,52.69,3658,0.00168,0.00131,0.00225,0.00046,0.00742,3658,0.00196,0.00145,0.00251,0.00054,0.00842,3658,6.466771977374609,5.082799684875321,13.98443917408998,2.689752503351984,42.98724312804407
