processor,sensor_group,rank_msa,band,MSA_percent_n,MSA_percent_median,MSA_percent_q25,MSA_percent_q75,MSA_percent_min,MSA_percent_max,SB_percent_n,SB_percent_median,SB_percent_q25,SB_percent_q75,SB_percent_min,SB_percent_max,MAE_n,MAE_median,MAE_q25,MAE_q75,MAE_min,MAE_max,RMSE_n,RMSE_median,RMSE_q25,RMSE_q75,RMSE_min,RMSE_max,SAM_deg_n,SAM_deg_median,SAM_deg_q25,SAM_deg_q75,SAM_deg_min,SAM_deg_max
ACOLITE+T-Mart,MSI,1,443,1715,9.17,3.62,90.505,0.02,227.18,1715,3.19,-4.045,89.97,-227.18,153.72,1715,0.0005334762586863,0.00021088434670730002,0.0022763897192858,1.3844864151478509e-06,0.004933003683639,1715,0.0005334762586863,0.00021088434670730002,0.0022763897192858,1.3844864151478509e-06,0.004933003683639,0,,,,,
ACOLITE,MSI,2,443,1715,11.7,4.18,58.78,0.0,389.68,1715,3.11,-5.83,56.66,-389.68,118.41,1715,0.0006552457688772,0.00023887503362565,0.0017151434556771,1.4524643468863396e-07,0.0056535926396672,1715,0.0006552457688772,0.00023887503362565,0.0017151434556771,1.4524643468863396e-07,0.0056535926396672,0,,,,,
Polymer+T-Mart,MSI,3,443,1715,13.43,7.615,20.5,0.01,141.82,1715,13.06,6.075,20.435000000000002,-25.08,141.82,1715,0.0006374336194636,0.00036103700012605003,0.00095910326030135,4.809360150317271e-07,0.0098824716683149,1715,0.0006374336194636,0.00036103700012605003,0.00095910326030135,4.809360150317271e-07,0.0098824716683149,0,,,,,
RAdCor+ACOLITE,MSI,4,443,1715,16.4,8.535,67.315,0.04,214.93,1715,16.11,7.615,64.86500000000001,-214.93,134.21,1715,0.0009375098760373,0.00052317041768975,0.0018803491153605001,2.327485363483664e-06,0.0048485208517586,1715,0.0009375098760373,0.00052317041768975,0.0018803491153605001,2.327485363483664e-06,0.0048485208517586,0,,,,,
GAAC,MSI,5,443,1714,17.335,7.762499999999999,39.295,0.02,247.94,1714,12.06,2.8825000000000003,26.9675,-247.94,85.81,1714,0.00086177556984685,0.0004471956305455,0.00123064051615695,1.4770334187050316e-06,0.0067827273720281,1714,0.00086177556984685,0.0004471956305455,0.00123064051615695,1.4770334187050316e-06,0.0067827273720281,0,,,,,
C2RCC+T-Mart,MSI,6,443,1715,22.4,13.805,32.4,0.0,472.43,1715,-16.43,-29.72,-1.625,-472.43,56.72,1715,0.0009949667480152,0.0006746350228009001,0.0014209240929595,3.929501415662201e-08,0.0025171449093455,1715,0.0009949667480152,0.0006746350228009001,0.0014209240929595,3.929501415662201e-08,0.0025171449093455,0,,,,,
ACOLITE+RAdCor,MSI,7,443,1715,29.41,11.67,161.985,0.02,294.74,1715,-2.66,-14.585,161.985,-59.42,294.74,1715,0.001454094289684,0.00059642462512085,0.0040197058096996,9.569328181741402e-07,0.0091045191615643,1715,0.001454094289684,0.00059642462512085,0.0040197058096996,9.569328181741402e-07,0.0091045191615643,0,,,,,
Polymer+Radcor,MSI,8,443,1715,35.34,25.689999999999998,44.489999999999995,0.35,101.02,1715,35.34,25.689999999999998,44.489999999999995,-19.28,101.02,1715,0.0018334583675913,0.0011000081103954501,0.0024747728152018002,7.462961214409029e-06,0.0066913689182319,1715,0.0018334583675913,0.0011000081103954501,0.0024747728152018002,7.462961214409029e-06,0.0066913689182319,0,,,,,
C2RCC+RAdCor,MSI,9,443,1710,50.4,27.825,65.8775,0.46,631.54,1710,-50.4,-65.8775,-21.112499999999997,-631.54,49.58,1710,0.0017429390217927,0.001236399368497775,0.0021492427574501998,3.324863414963606e-05,0.0036445832088574,1710,0.0017429390217927,0.001236399368497775,0.0021492427574501998,3.324863414963606e-05,0.0036445832088574,0,,,,,
Polymer,MSI,10,443,1715,54.83,38.165,68.54,1.91,175.97,1715,54.83,38.165,68.54,-3.76,175.97,1715,0.0031334543152386,0.001480265632601,0.004023226646053301,4.101255736957844e-05,0.011656199037809,1715,0.0031334543152386,0.001480265632601,0.004023226646053301,4.101255736957844e-05,0.011656199037809,0,,,,,
C2RCC,MSI,11,443,1715,57.9,25.21,75.975,0.02,963.19,1715,-57.9,-75.975,9.01,-963.19,44.6,1715,0.0018356743016866,0.00099035295756015,0.0023571178403994503,1.6616363201944762e-06,0.0040387452903935,1715,0.0018356743016866,0.00099035295756015,0.0023571178403994503,1.6616363201944762e-06,0.0040387452903935,0,,,,,
GAAC,MSI,1,490,1706,6.805,3.27,12.4525,0.01,130.35,1706,0.05,-7.4925,6.41,-130.35,27.48,1706,0.0004842491648182,0.00023462019631157501,0.000945625936,8.087298195725429e-07,0.0077553947796479,1706,0.0004842491648182,0.00023462019631157501,0.000945625936,8.087298195725429e-07,0.0077553947796479,0,,,,,
Polymer+T-Mart,MSI,2,490,1715,7.04,3.2649999999999997,14.015,0.0,75.35,1715,-3.35,-11.86,3.2350000000000003,-75.35,61.46,1715,0.0005395941867791,0.00025102142131415,0.00095932843234865,1.85377886142285e-07,0.0064328666942537,1715,0.0005395941867791,0.00025102142131415,0.00095932843234865,1.85377886142285e-07,0.0064328666942537,0,,,,,
RAdCor+ACOLITE,MSI,3,490,1715,7.44,3.36,15.425,0.0,42.41,1715,4.34,-2.04,12.82,-42.41,39.03,1715,0.0006032210081641,0.0003087796259744,0.00099275848608105,2.416119713778697e-07,0.0040813274499206,1715,0.0006032210081641,0.0003087796259744,0.00099275848608105,2.416119713778697e-07,0.0040813274499206,0,,,,,
Polymer+Radcor,MSI,4,490,1715,8.94,4.65,14.36,0.0,63.41,1715,6.75,-0.53,12.535,-63.41,53.8,1715,0.0006717167406595,0.00035182199349295,0.00111854593368485,1.8331809792382362e-08,0.0052293121207279,1715,0.0006717167406595,0.00035182199349295,0.00111854593368485,1.8331809792382362e-08,0.0052293121207279,0,,,,,
ACOLITE,MSI,5,490,1715,10.53,5.0600000000000005,18.875,0.02,62.67,1715,-4.11,-11.665,8.265,-62.67,37.28,1715,0.0007979781661062,0.00037894601188645,0.0012557620444562999,1.3542026095388071e-06,0.005280179884675,1715,0.0007979781661062,0.00037894601188645,0.0012557620444562999,1.3542026095388071e-06,0.005280179884675,0,,,,,
ACOLITE+T-Mart,MSI,6,490,1715,11.38,4.63,25.97,0.01,54.36,1715,-2.36,-8.99,24.085,-54.36,52.15,1715,0.0009239875504651,0.00041543895530695,0.0015937713953702,1.094153997897862e-06,0.0048262504678397,1715,0.0009239875504651,0.00041543895530695,0.0015937713953702,1.094153997897862e-06,0.0048262504678397,0,,,,,
Polymer,MSI,7,490,1715,13.16,7.25,21.22,0.01,84.26,1715,12.14,3.585,20.39,-46.24,84.26,1715,0.0010011859523231,0.00047414190583780003,0.0018439082496334,6.737171823201216e-07,0.0081897153208622,1715,0.0010011859523231,0.00047414190583780003,0.0018439082496334,6.737171823201216e-07,0.0081897153208622,0,,,,,
ACOLITE+RAdCor,MSI,8,490,1715,18.37,10.265,60.595,0.0,131.48,1715,-4.25,-13.445,60.595,-43.46,131.48,1715,0.0015268132583317,0.0008978732952300999,0.002608452382608,1.6215523433726897e-07,0.006571152623466,1715,0.0015268132583317,0.0008978732952300999,0.002608452382608,1.6215523433726897e-07,0.006571152623466,0,,,,,
C2RCC+T-Mart,MSI,9,490,1715,24.08,15.415,34.3,0.09,577.45,1715,-23.79,-34.3,-11.595,-577.45,31.54,1715,0.0018394389643648,0.00108960629968125,0.00252056861909935,6.566528188383172e-06,0.0046502811742952,1715,0.0018394389643648,0.00108960629968125,0.00252056861909935,6.566528188383172e-06,0.0046502811742952,0,,,,,
C2RCC+RAdCor,MSI,10,490,1710,48.59,19.1025,62.5575,0.06,780.7,1710,-48.59,-62.5575,-13.8475,-780.7,31.25,1710,0.0028492265001052,0.001283243777416025,0.0034669814609446003,4.085235603895794e-06,0.0059051880782874,1710,0.0028492265001052,0.001283243777416025,0.0034669814609446003,4.085235603895794e-06,0.0059051880782874,0,,,,,
C2RCC,MSI,11,490,1715,52.91,16.09,70.015,0.06,1258.35,1715,-52.91,-70.015,1.4649999999999999,-1258.35,29.51,1715,0.0029455008579043,0.0009608828996845,0.0036674037748125003,4.365931066094113e-06,0.006582134074269,1715,0.0029455008579043,0.0009608828996845,0.0036674037748125003,4.365931066094113e-06,0.006582134074269,0,,,,,
ACOLITE,MSI,1,560,1715,4.99,2.27,9.085,0.0,36.97,1715,-2.44,-8.19,2.135,-36.97,19.25,1715,0.0003935543133234,0.00018578874905875002,0.0007939747740997999,3.478845190998253e-07,0.0040697031570043,1715,0.0003935543133234,0.00018578874905875002,0.0007939747740997999,3.478845190998253e-07,0.0040697031570043,0,,,,,
RAdCor+ACOLITE,MSI,2,560,1715,5.3,2.55,9.24,0.01,36.18,1715,1.05,-4.335,5.635,-36.18,20.67,1715,0.0004491933270554,0.0002169563422546,0.0008214833066469999,4.598409850597661e-07,0.0038584894416298,1715,0.0004491933270554,0.0002169563422546,0.0008214833066469999,4.598409850597661e-07,0.0038584894416298,0,,,,,
ACOLITE+T-Mart,MSI,3,560,1715,7.94,3.78,13.05,0.0,35.96,1715,-3.94,-10.524999999999999,3.45,-35.96,27.0,1715,0.0006653410994629,0.00031931663476890003,0.00111797860825865,5.6574540972537813e-08,0.0039872215045061,1715,0.0006653410994629,0.00031931663476890003,0.00111797860825865,5.6574540972537813e-08,0.0039872215045061,0,,,,,
Polymer,MSI,4,560,1715,8.48,3.99,16.555,0.0,86.78,1715,-5.34,-13.434999999999999,0.425,-86.78,38.07,1715,0.0007530233659364,0.00036176374053485,0.0012780861363152502,4.3213360719635e-09,0.0040371094387923,1715,0.0007530233659364,0.00036176374053485,0.0012780861363152502,4.3213360719635e-09,0.0040371094387923,0,,,,,
Polymer+Radcor,MSI,5,560,1715,9.0,4.34,17.585,0.02,102.88,1715,-8.54,-17.435000000000002,-2.51,-102.88,23.07,1715,0.0007865660220202,0.00037355059213615,0.0013130555090942,2.6527363161197443e-06,0.0041566553970646,1715,0.0007865660220202,0.00037355059213615,0.0013130555090942,2.6527363161197443e-06,0.0041566553970646,0,,,,,
GAAC,MSI,6,560,1715,9.02,4.165,16.235,0.01,82.4,1715,-1.95,-14.925,5.73,-82.4,24.55,1715,0.0007647950043719,0.0003499585902537,0.0012362910378148,8.912215778492105e-07,0.0068110046849182,1715,0.0007647950043719,0.0003499585902537,0.0012362910378148,8.912215778492105e-07,0.0068110046849182,0,,,,,
ACOLITE+RAdCor,MSI,7,560,1715,12.4,5.07,29.245,0.03,72.12,1715,-0.74,-8.72,26.555,-50.74,72.12,1715,0.0010414805376248,0.0005004254299956999,0.0021427180586430497,2.826583216189796e-06,0.0046298836681756,1715,0.0010414805376248,0.0005004254299956999,0.0021427180586430497,2.826583216189796e-06,0.0046298836681756,0,,,,,
Polymer+T-Mart,MSI,8,560,1715,14.35,8.0,24.155,0.02,131.06,1715,-14.34,-24.155,-7.665,-131.06,20.61,1715,0.0012045226731975,0.0006756052396559499,0.00170525083863045,1.360188481406427e-06,0.0048113017556855,1715,0.0012045226731975,0.0006756052396559499,0.00170525083863045,1.360188481406427e-06,0.0048113017556855,0,,,,,
C2RCC+T-Mart,MSI,9,560,1715,26.54,17.009999999999998,36.525000000000006,0.03,244.7,1715,-26.54,-36.525000000000006,-17.009999999999998,-244.7,10.6,1715,0.0018535051327972,0.0013818263754611002,0.0023819737597698,3.5972846111204104e-06,0.0086712796318702,1715,0.0018535051327972,0.0013818263754611002,0.0023819737597698,3.5972846111204104e-06,0.0086712796318702,0,,,,,
C2RCC+RAdCor,MSI,10,560,1710,49.32,36.32,63.2275,7.03,415.68,1710,-49.32,-63.2275,-36.32,-415.68,-7.03,1710,0.00311246871642715,0.002216969401152025,0.003897438367503425,0.0006279031605223,0.0074397141116441,1710,0.00311246871642715,0.002216969401152025,0.003897438367503425,0.0006279031605223,0.0074397141116441,0,,,,,
C2RCC,MSI,11,560,1715,67.98,55.495000000000005,80.435,17.26,634.73,1715,-67.98,-80.435,-55.495000000000005,-634.73,-17.26,1715,0.0040060214530605,0.0025520266411902,0.0046964492240083,0.0010005844255419,0.0087704258752362,1715,0.0040060214530605,0.0025520266411902,0.0046964492240083,0.0010005844255419,0.0087704258752362,0,,,,,
ACOLITE+T-Mart,MSI,1,665,1715,12.77,5.3149999999999995,22.965,0.0,1412.78,1715,-2.91,-15.035,9.375,-1412.78,147.42,1715,0.0002476815816038,0.0001160930323432,0.00041023541662305,7.281942594056234e-08,0.0028936897030975,1715,0.0002476815816038,0.0001160930323432,0.00041023541662305,7.281942594056234e-08,0.0028936897030975,0,,,,,
ACOLITE,MSI,2,665,1715,12.94,6.26,23.195,0.02,996.39,1715,-0.53,-18.564999999999998,10.57,-996.39,143.33,1715,0.0002706367720557,0.00014152681631905,0.00041674142798745,2.749151307344065e-07,0.0029433203487601,1715,0.0002706367720557,0.00014152681631905,0.00041674142798745,2.749151307344065e-07,0.0029433203487601,0,,,,,
RAdCor+ACOLITE,MSI,3,665,1715,17.06,9.125,27.615000000000002,0.0,263.46,1715,7.81,-10.855,20.799999999999997,-263.46,152.91,1715,0.0003443668012983,0.00017385783792704998,0.00058228404035295,3.433353543309814e-09,0.0026283579970654,1715,0.0003443668012983,0.00017385783792704998,0.00058228404035295,3.433353543309814e-09,0.0026283579970654,0,,,,,
Polymer+T-Mart,MSI,4,665,1715,19.74,9.114999999999998,33.97,0.01,475.1,1715,-19.57,-33.89,-6.535,-475.1,73.69,1715,0.0004018052097087,0.00015927528311015,0.0006838651403377,1.0402314005119285e-07,0.0037610535232816,1715,0.0004018052097087,0.00015927528311015,0.0006838651403377,1.0402314005119285e-07,0.0037610535232816,0,,,,,
ACOLITE+RAdCor,MSI,5,665,1715,23.24,8.125,62.555,0.01,584.34,1715,8.74,-7.335,58.94,-584.34,284.71,1715,0.0005003587799557,0.0001943809897471,0.00109645319701105,3.348237277269253e-07,0.0033306553664209,1715,0.0005003587799557,0.0001943809897471,0.00109645319701105,3.348237277269253e-07,0.0033306553664209,0,,,,,
GAAC,MSI,6,665,1715,38.93,27.655,52.01,0.37,400.84,1715,26.57,-32.815,40.955,-400.84,97.59,1715,0.0007664726237355,0.00049434743096065,0.00105198467091225,4.800658533769516e-06,0.0040566240306303,1715,0.0007664726237355,0.00049434743096065,0.00105198467091225,4.800658533769516e-06,0.0040566240306303,0,,,,,
Polymer+Radcor,MSI,7,665,1715,44.85,18.175,63.525000000000006,0.03,713.37,1715,-44.8,-63.45,-17.405,-713.37,133.1,1715,0.0007552148120252,0.00029669568905055,0.00099862388583915,4.657764620949814e-07,0.003061324506973,1715,0.0007552148120252,0.00029669568905055,0.00099862388583915,4.657764620949814e-07,0.003061324506973,0,,,,,
C2RCC+T-Mart,MSI,8,665,1715,51.85,33.085,75.225,0.24,574.32,1715,-51.85,-75.225,-33.045,-574.32,38.51,1715,0.0007867954295878,0.0004997978642846,0.0010249121847388499,3.947025979024075e-06,0.0043169890482736,1715,0.0007867954295878,0.0004997978642846,0.0010249121847388499,3.947025979024075e-06,0.0043169890482736,0,,,,,
Polymer,MSI,9,665,1715,76.83,54.245000000000005,100.2,0.08,1034.25,1715,-76.83,-100.2,-54.245000000000005,-1034.25,42.97,1715,0.0010530734479634,0.0007905715586359,0.0012524529242615,9.883421337674413e-07,0.0038274233815456,1715,0.0010530734479634,0.0007905715586359,0.0012524529242615,9.883421337674413e-07,0.0038274233815456,0,,,,,
C2RCC+RAdCor,MSI,10,665,1710,125.53,73.6525,151.8325,13.3,808.49,1710,-125.53,-151.8325,-73.6525,-808.49,46.77,1710,0.00125903381097395,0.0008040633210843499,0.0015163193414608751,0.0001396756244126,0.0040041044264078,1710,0.00125903381097395,0.0008040633210843499,0.0015163193414608751,0.0001396756244126,0.0040041044264078,0,,,,,
C2RCC,MSI,11,665,1715,177.73,143.13,205.26,21.06,1396.65,1715,-177.73,-205.26,-143.13,-1396.65,-21.06,1715,0.001488781738404,0.00105097543407155,0.0017113991010993999,0.0001889052726694,0.0043289536631761,1715,0.001488781738404,0.00105097543407155,0.0017113991010993999,0.0001889052726694,0.0043289536631761,0,,,,,
ACOLITE+T-Mart,MSI,1,704,1715,20.03,10.219999999999999,33.885,0.02,687.95,1715,15.87,1.8650000000000002,31.445,-260.45,687.95,1715,0.0002460616127904,0.000137503109584,0.000370940372274,2.693988962769109e-07,0.001646983075057,1715,0.0002460616127904,0.000137503109584,0.000370940372274,2.693988962769109e-07,0.001646983075057,0,,,,,
C2RCC+T-Mart,MSI,2,704,1715,42.88,25.49,68.185,0.03,730.26,1715,-42.87,-68.18,-25.455,-730.26,283.82,1715,0.0004102954955157,0.00023066716754519998,0.0005715260053379999,2.4010226799841584e-07,0.0031940470965946,1715,0.0004102954955157,0.00023066716754519998,0.0005715260053379999,2.4010226799841584e-07,0.0031940470965946,0,,,,,
RAdCor+ACOLITE,MSI,3,704,1715,53.97,30.07,71.825,0.02,1123.47,1715,49.29,15.954999999999998,68.69,-1123.47,734.25,1715,0.0006746378932645,0.00032628177798960003,0.0009805822451173498,1.376892774105276e-07,0.0017578175627709,1715,0.0006746378932645,0.00032628177798960003,0.0009805822451173498,1.376892774105276e-07,0.0017578175627709,0,,,,,
ACOLITE+RAdCor,MSI,4,704,1708,65.67,38.555,111.46,0.03,1270.43,1708,65.075,37.4525,110.41250000000001,-1270.43,697.05,1708,0.0008968526889301,0.000557757110645,0.0012660133386087,4.552799433470492e-07,0.0033711964983804,1708,0.0008968526889301,0.000557757110645,0.0012660133386087,4.552799433470492e-07,0.0033711964983804,0,,,,,
ACOLITE,MSI,5,704,1715,67.96,40.71,88.205,0.36,2193.13,1715,63.86,18.085,84.685,-2193.13,986.1,1715,0.0009605608792297,0.0004106153083176,0.0012020686338045,2.389333493739345e-06,0.0023607630153269,1715,0.0009605608792297,0.0004106153083176,0.0012020686338045,2.389333493739345e-06,0.0023607630153269,0,,,,,
GAAC,MSI,6,704,1710,74.09,54.865,95.0775,0.28,5773.56,1710,58.480000000000004,-44.9225,82.39250000000001,-5773.56,253.26,1710,0.0008979268209209,0.000552582577385325,0.001128391066178075,2.0748548800915423e-06,0.0018340937560651,1710,0.0008979268209209,0.000552582577385325,0.001128391066178075,2.0748548800915423e-06,0.0018340937560651,0,,,,,
Polymer+T-Mart,MSI,7,704,1697,106.05,74.4,163.68,13.39,9549.88,1697,-106.04,-163.51,-74.39,-9549.88,194.5,1697,0.0007081936282891,0.0005088703264706,0.0008878541805799,0.0001125696138707,0.0015332095275076,1697,0.0007081936282891,0.0005088703264706,0.0008878541805799,0.0001125696138707,0.0015332095275076,0,,,,,
C2RCC+RAdCor,MSI,8,704,1710,118.765,65.7675,148.82750000000001,0.12,893.18,1710,-118.685,-148.8175,-65.46000000000001,-893.18,306.71,1710,0.00072298993880875,0.00042135084469524997,0.0008803854513862251,7.918151635580599e-07,0.0030128343071883,1710,0.00072298993880875,0.00042135084469524997,0.0008803854513862251,7.918151635580599e-07,0.0030128343071883,0,,,,,
C2RCC,MSI,9,704,1715,173.45,133.565,203.98,7.59,1634.33,1715,-173.45,-203.98,-133.565,-1634.33,105.27,1715,0.0008532090882504,0.0006163573656572,0.00099374564712745,4.166795997625279e-05,0.0032006898928249,1715,0.0008532090882504,0.0006163573656572,0.00099374564712745,4.166795997625279e-05,0.0032006898928249,0,,,,,
Polymer+Radcor,MSI,10,704,1667,352.48,178.20999999999998,634.77,8.18,8264.98,1667,-352.48,-634.77,-177.68,-8264.98,237.75,1667,0.0010562956770533,0.00065391082451425,0.0012584992022991,5.401382303241728e-05,0.0033775483810511,1667,0.0010562956770533,0.00065391082451425,0.0012584992022991,5.401382303241728e-05,0.0033775483810511,0,,,,,
Polymer,MSI,11,704,1060,801.995,227.90249999999997,1826.5325,48.8,14856.02,1060,-801.995,-1826.5325,-227.90249999999997,-14856.02,-48.8,1060,0.0011718989568878001,0.0005908520091886,0.0013895509435861999,0.0002715238473154,0.0021544721044431,1060,0.0011718989568878001,0.0005908520091886,0.0013895509435861999,0.0002715238473154,0.0021544721044431,0,,,,,
ACOLITE+T-Mart,MSI,1,overall,1715,10.81,5.65,22.775,0.64,225.88,1715,-0.74,-8.344999999999999,18.18,-225.88,64.94,1715,0.00064,0.00033,0.00111,7e-05,0.0031,1715,0.0008,0.0004,0.00141,9e-05,0.00336,1715,2.457899916630597,1.820389559894951,12.219070056568365,0.2345693895748141,18.893342142577065
ACOLITE,MSI,2,overall,1715,11.4,6.74,21.854999999999997,0.87,64.5,1715,0.62,-5.785,5.75,-62.67,35.83,1715,0.00066,0.00051,0.00093,0.00027,0.00338,1715,0.00081,0.00066,0.001175,0.00039,0.00368,1715,5.630252523919389,4.736447046340497,10.388414902767959,2.58433239347402,19.59752383677664
RAdCor+ACOLITE,MSI,3,overall,1715,14.57,9.11,20.5,0.94,213.67,1715,8.97,1.6,16.09,-213.67,38.19,1715,0.00069,0.00051,0.0009,0.00015,0.00287,1715,0.00083,0.0006,0.00109,0.00018,0.00302,1715,4.292629807313824,3.4548645352743113,11.066718047952136,1.0901186310554174,19.805488761324305
Polymer+T-Mart,MSI,4,overall,1715,16.28,11.125,25.33,2.32,131.06,1715,-12.05,-23.11,-3.08,-131.06,39.42430334489433,1715,0.00073,0.00053,0.00095,0.00024,0.005055641323797,1715,0.00084,0.00063,0.00109,0.00026,0.0060653380793517,1715,5.84529833050578,4.836723430772089,7.048203050867407,1.956247789044841,28.30275022288217
GAAC,MSI,5,overall,1715,16.91,9.32,31.04,0.57,183.1019607427585,1715,5.49,-13.899999999999999,14.945,-183.1019607427585,66.74,1715,0.00069,0.00056,0.00101,0.00027,0.0063514377168062,1715,0.00079,0.00066,0.00106,0.00033,0.0064999523485814,1715,5.598202207013924,4.524697940700674,9.42865100808494,2.5695511878853075,16.300640002092642
ACOLITE+RAdCor,MSI,6,overall,1715,19.42,10.07,62.84,0.88,284.71,1715,-0.25,-9.605,62.84,-50.01910319581955,284.71,1715,0.00108,0.00064,0.0020150000000000003,0.0002,0.00523,1715,0.00132,0.00073,0.00232,0.0003,0.00571,1715,5.219576156760845,3.8730337338675653,14.934628805340973,1.2800623084040554,20.044972670105462
C2RCC+T-Mart,MSI,7,overall,1715,28.62,20.625,39.715,2.76,326.7,1715,-28.51,-39.715,-18.945,-326.7,16.04,1715,0.00119,0.00076,0.00153,0.00026,0.0044,1715,0.00135,0.00093,0.00173,0.00032,0.00495,1715,3.5971650569789944,2.8412332060006715,10.671259683513316,0.8520999222564061,23.47618163187052
Polymer+Radcor,MSI,8,overall,1715,32.38,19.25,41.754999999999995,2.75,95.67,1715,-7.97,-17.025,-1.5150000000000001,-95.67,35.78,1715,0.00109,0.00075,0.00131,0.00027,0.00304,1715,0.00124,0.00088,0.0015,0.00035,0.00391,1715,10.026107451745856,7.833484706745656,11.55120974958417,2.2750707122160234,27.931624670735
Polymer,MSI,9,overall,1715,43.08,31.092822509640882,54.405,4.73,112.46643353521964,1715,-2.83,-11.005,5.927450114533805,-86.78,58.40442752780612,1715,0.00151,0.00087,0.00189,0.00033,0.0059849061961646,1715,0.00179,0.001,0.00224878929878195,0.0004,0.0072924821816218,1715,12.331368413707514,10.528756705797987,13.511826812901683,4.692278089515201,27.007432333719816
C2RCC+RAdCor,MSI,10,overall,1710,54.144999999999996,37.88,67.705,7.03,480.49,1710,-54.144999999999996,-67.705,-37.8125,-480.49,-0.12,1710,0.001895,0.0013,0.00235,0.00046,0.00442,1710,0.00211,0.00153,0.00261,0.00051,0.0047,1710,4.479493226661848,3.7523419733437833,11.625668425492634,0.7118073406643111,23.61961294867108
C2RCC,MSI,11,overall,1715,69.53,57.135000000000005,82.78,18.51,634.73,1715,-69.53,-82.78,-57.135000000000005,-634.73,13.98,1715,0.00212,0.00151,0.00262,0.00067,0.00439,1715,0.00244,0.00186,0.00292,0.00077,0.00492,1715,6.900665607790178,4.782736950712004,13.655465419981786,2.951848830327836,23.124676725956267
ACOLITE,OLI_TIRS,1,443,1943,13.22,5.6850000000000005,100.31,0.0,1413.81,1943,11.31,1.495,100.31,-47.12,1413.81,1943,0.0006617260502419,0.00030660041290995,0.0036887685968494998,5.7359561917921806e-09,0.021114856868493,1943,0.0006617260502419,0.00030660041290995,0.0036887685968494998,5.7359561917921806e-09,0.021114856868493,0,,,,,
GAAC,OLI_TIRS,2,443,1912,17.1,6.07,101.235,0.01,1535.72,1912,5.92,-6.2925,89.8475,-388.03,1535.72,1912,0.00083580252392795,0.00034869658944162497,0.0025125286220386497,4.000850988864976e-07,0.0236393019918944,1912,0.00083580252392795,0.00034869658944162497,0.0025125286220386497,4.000850988864976e-07,0.0236393019918944,0,,,,,
C2RCC+RAdCor,OLI_TIRS,3,443,1943,20.15,7.735,71.27000000000001,0.0,272.56,1943,-3.82,-15.870000000000001,53.370000000000005,-272.56,234.01,1943,0.0008814388538638,0.00038683642790225,0.0019196065191744499,2.7292996709026025e-08,0.004339892567525,1943,0.0008814388538638,0.00038683642790225,0.0019196065191744499,2.7292996709026025e-08,0.004339892567525,0,,,,,
ACOLITE+RAdCor,OLI_TIRS,4,443,1943,22.59,8.815000000000001,155.605,0.01,1533.79,1943,5.65,-9.09,155.605,-85.15,1533.79,1943,0.0009581452418482,0.00044442351905245,0.00523944739215705,6.137685527804471e-07,0.0233356402511472,1943,0.0009581452418482,0.00044442351905245,0.00523944739215705,6.137685527804471e-07,0.0233356402511472,0,,,,,
ACOLITE+T-Mart,OLI_TIRS,5,443,1943,23.67,12.61,129.95499999999998,0.04,1446.53,1943,23.48,11.99,129.95499999999998,-35.18,1446.53,1943,0.0012607906364965,0.00067474960581325,0.00447913056275175,1.5524579168556265e-06,0.0218473439360733,1943,0.0012607906364965,0.00067474960581325,0.00447913056275175,1.5524579168556265e-06,0.0218473439360733,0,,,,,
RAdCor+ACOLITE,OLI_TIRS,6,443,1943,25.85,14.475000000000001,109.425,0.0,1451.52,1943,25.78,14.425,109.425,-35.88,1451.52,1943,0.0013786623853738,0.0008100348709608001,0.0036061452396942,8.11733963492281e-08,0.023102256401884,1943,0.0013786623853738,0.0008100348709608001,0.0036061452396942,8.11733963492281e-08,0.023102256401884,0,,,,,
C2RCC+T-Mart,OLI_TIRS,7,443,1943,26.36,11.85,94.53,0.0,343.76,1943,-8.39,-22.19,82.745,-343.76,259.24,1943,0.0011063501447588,0.00057060315073295,0.0019987391871837,1.5475609608898988e-08,0.010385722785997,1943,0.0011063501447588,0.00057060315073295,0.0019987391871837,1.5475609608898988e-08,0.010385722785997,0,,,,,
Polymer+T-Mart,OLI_TIRS,8,443,1939,33.74,24.68,44.705,0.02,674.68,1939,33.73,24.665,44.66,-49.72,674.68,1939,0.0017095951038851,0.00112167948697875,0.00227172845733915,7.590776598563262e-07,0.0109707572793291,1939,0.0017095951038851,0.00112167948697875,0.00227172845733915,7.590776598563262e-07,0.0109707572793291,0,,,,,
C2RCC,OLI_TIRS,9,443,1943,35.42,18.205,72.975,0.02,335.45,1943,-11.2,-27.845,53.1,-335.45,249.2,1943,0.0012753716301197,0.000835076146811,0.0020593100348316497,1.318941247064817e-06,0.0044801633317755,1943,0.0012753716301197,0.000835076146811,0.0020593100348316497,1.318941247064817e-06,0.0044801633317755,0,,,,,
Polymer+Radcor,OLI_TIRS,10,443,1939,45.57,34.775000000000006,60.375,0.0,713.93,1939,45.57,34.77,60.375,-36.4,713.93,1939,0.0022332863816661,0.00172712555152455,0.0027185209277569003,1.0908745258801297e-07,0.0116088866752852,1939,0.0022332863816661,0.00172712555152455,0.0027185209277569003,1.0908745258801297e-07,0.0116088866752852,0,,,,,
Polymer,OLI_TIRS,11,443,1939,53.2,41.965,68.485,2.02,679.1,1939,53.2,41.965,68.485,-22.38,679.1,1939,0.0026045072546113,0.00198530180734005,0.0031778199575464997,9.059732740798568e-05,0.0110425916594906,1939,0.0026045072546113,0.00198530180734005,0.0031778199575464997,9.059732740798568e-05,0.0110425916594906,0,,,,,
ACOLITE+RAdCor,OLI_TIRS,1,490,1943,10.95,3.92,85.815,0.02,770.48,1943,5.17,-2.915,85.345,-159.64,770.48,1943,0.0007349575079579,0.00030357707503774996,0.0037121154265402,1.445561409473689e-06,0.0205031203312864,1943,0.0007349575079579,0.00030357707503774996,0.0037121154265402,1.445561409473689e-06,0.0205031203312864,0,,,,,
Polymer+T-Mart,OLI_TIRS,2,490,1939,11.05,5.9350000000000005,20.9,0.02,364.37,1939,10.37,2.585,20.695,-90.41,364.37,1939,0.0007603261153249,0.0004358413771892,0.0012945144426359,1.0080690757878832e-06,0.0101432331494888,1939,0.0007603261153249,0.0004358413771892,0.0012945144426359,1.0080690757878832e-06,0.0101432331494888,0,,,,,
ACOLITE,OLI_TIRS,3,490,1943,11.58,5.58,58.114999999999995,0.01,737.62,1943,9.82,1.55,57.985,-127.63,737.62,1943,0.0008531042233643,0.00042713050290745,0.002928602014387,4.895406198503205e-07,0.0199529284818162,1943,0.0008531042233643,0.00042713050290745,0.002928602014387,4.895406198503205e-07,0.0199529284818162,0,,,,,
ACOLITE+T-Mart,OLI_TIRS,4,490,1943,17.51,9.72,75.435,0.02,750.85,1943,17.4,8.455,75.33500000000001,-107.05,750.85,1943,0.0014134429122238,0.0007629237816146001,0.0038122916657297003,1.532164990901419e-06,0.0205000432414999,1943,0.0014134429122238,0.0007629237816146001,0.0038122916657297003,1.532164990901419e-06,0.0205000432414999,0,,,,,
RAdCor+ACOLITE,OLI_TIRS,5,490,1943,18.64,9.905000000000001,61.8,0.03,749.54,1943,18.61,9.765,61.695,-116.02,749.54,1943,0.0014452323748006,0.0008609068452021501,0.0028039914959662503,2.557593441010128e-06,0.0213134287132015,1943,0.0014452323748006,0.0008609068452021501,0.0028039914959662503,2.557593441010128e-06,0.0213134287132015,0,,,,,
C2RCC+RAdCor,OLI_TIRS,6,490,1943,19.24,9.64,41.89,0.04,315.85,1943,-7.86,-19.27,19.134999999999998,-315.85,111.31,1943,0.0011272131120375,0.00065926832673755,0.0020119897025553998,2.753312874288847e-06,0.006078679982747,1943,0.0011272131120375,0.00065926832673755,0.0020119897025553998,2.753312874288847e-06,0.006078679982747,0,,,,,
GAAC,OLI_TIRS,7,490,1936,20.12,4.61,60.745000000000005,0.01,3517.93,1936,-0.74,-10.7925,45.4925,-3517.93,787.7,1936,0.0011299244406615,0.000382243947723275,0.002287139314647475,6.031114117479447e-07,0.0216036854142391,1936,0.0011299244406615,0.000382243947723275,0.002287139314647475,6.031114117479447e-07,0.0216036854142391,0,,,,,
Polymer+Radcor,OLI_TIRS,8,490,1939,20.75,10.465,38.375,0.02,390.54,1939,20.48,9.86,38.345,-76.08,390.54,1939,0.0014281352529417,0.0009144648838885501,0.0019324886469522,8.789311218143636e-07,0.0108717333001039,1939,0.0014281352529417,0.0009144648838885501,0.0019324886469522,8.789311218143636e-07,0.0108717333001039,0,,,,,
C2RCC+T-Mart,OLI_TIRS,9,490,1943,22.6,10.955,66.205,0.04,419.06,1943,-9.33,-23.28,20.605,-419.06,200.2,1943,0.001330864444855,0.00074391751807055,0.0021910760847899,1.150009992299198e-06,0.012403873250215,1943,0.001330864444855,0.00074391751807055,0.0021910760847899,1.150009992299198e-06,0.012403873250215,0,,,,,
Polymer,OLI_TIRS,10,490,1939,26.77,16.78,44.905,0.03,371.64,1939,26.75,16.775,44.805,-59.9,371.64,1939,0.0018808818113196,0.00137690441795395,0.0023798200742159003,3.419552430283107e-06,0.0103454423228231,1939,0.0018808818113196,0.00137690441795395,0.0023798200742159003,3.419552430283107e-06,0.0103454423228231,0,,,,,
C2RCC,OLI_TIRS,11,490,1943,29.7,19.39,46.675,0.17,405.39,1943,-15.81,-27.89,33.865,-405.39,110.77,1943,0.0017282542988662,0.001146038164302,0.0023658711458394996,5.39647878960688e-06,0.006047819326376,1943,0.0017282542988662,0.001146038164302,0.0023658711458394996,5.39647878960688e-06,0.006047819326376,0,,,,,
Polymer,OLI_TIRS,1,560,1939,6.32,2.705,13.83,0.01,184.42,1939,1.15,-3.855,10.11,-145.38,184.42,1939,0.0004931885687306,0.0002044870044322,0.0009815940823876,4.520461734762449e-07,0.0112647258688267,1939,0.0004931885687306,0.0002044870044322,0.0009815940823876,4.520461734762449e-07,0.0112647258688267,0,,,,,
ACOLITE+RAdCor,OLI_TIRS,2,560,1943,8.02,3.615,29.645,0.01,560.45,1943,3.57,-3.645,19.775,-212.56,560.45,1943,0.0006671127846035,0.00031647636272665,0.0015977259308855,1.2037635180950704e-06,0.0178761081809806,1943,0.0006671127846035,0.00031647636272665,0.0015977259308855,1.2037635180950704e-06,0.0178761081809806,0,,,,,
Polymer+Radcor,OLI_TIRS,3,560,1939,8.59,3.92,16.5,0.01,192.67,1939,-4.29,-11.835,3.23,-166.11,192.67,1939,0.0006613826933849,0.00027547112350439996,0.0012018577801414499,4.977804515093193e-07,0.0118682560877685,1939,0.0006613826933849,0.00027547112350439996,0.0012018577801414499,4.977804515093193e-07,0.0118682560877685,0,,,,,
ACOLITE,OLI_TIRS,4,560,1943,11.71,6.345000000000001,24.604999999999997,0.01,588.05,1943,11.13,3.295,24.375,-181.56,588.05,1943,0.0010252215287048,0.0005364913046431001,0.0016828112351772498,4.81352458477427e-07,0.0188326565588521,1943,0.0010252215287048,0.0005364913046431001,0.0016828112351772498,4.81352458477427e-07,0.0188326565588521,0,,,,,
ACOLITE+T-Mart,OLI_TIRS,5,560,1943,12.39,6.82,27.525,0.01,589.97,1943,11.02,3.1950000000000003,27.33,-182.36,589.97,1943,0.0010495487390246,0.0005934042823152,0.0017160367908633498,6.20922184944514e-07,0.0189860509748268,1943,0.0010495487390246,0.0005934042823152,0.0017160367908633498,6.20922184944514e-07,0.0189860509748268,0,,,,,
RAdCor+ACOLITE,OLI_TIRS,6,560,1943,12.46,6.675,21.96,0.0,612.35,1943,11.93,4.675,21.81,-192.24,612.35,1943,0.0010745900286068,0.0005635485994149999,0.0016758922139537,4.995039982799016e-07,0.0189492674584198,1943,0.0010745900286068,0.0005635485994149999,0.0016758922139537,4.995039982799016e-07,0.0189492674584198,0,,,,,
GAAC,OLI_TIRS,7,560,1943,13.41,5.1899999999999995,30.064999999999998,0.01,603.1,1943,5.53,-4.375,22.564999999999998,-256.91,603.1,1943,0.0009394522284982,0.0005026972900283,0.0016942151688383,5.812551888990242e-07,0.0189941549453056,1943,0.0009394522284982,0.0005026972900283,0.0016942151688383,5.812551888990242e-07,0.0189941549453056,0,,,,,
Polymer+T-Mart,OLI_TIRS,8,560,1939,17.46,9.98,26.025,0.01,170.7,1939,-14.83,-22.96,-4.88,-166.92,170.7,1939,0.0012477047459277,0.0007107057864385,0.0017584448779858,6.920354195943945e-07,0.0118901464883193,1939,0.0012477047459277,0.0007107057864385,0.0017584448779858,6.920354195943945e-07,0.0118901464883193,0,,,,,
C2RCC+RAdCor,OLI_TIRS,9,560,1943,23.45,12.64,36.29,0.0,452.98,1943,-23.45,-36.29,-12.600000000000001,-452.98,16.59,1943,0.0015754525457405,0.00105141263358965,0.00213332790295165,1.473236095062003e-07,0.0140126117646449,1943,0.0015754525457405,0.00105141263358965,0.00213332790295165,1.473236095062003e-07,0.0140126117646449,0,,,,,
C2RCC,OLI_TIRS,10,560,1943,28.93,17.525,41.585,0.05,481.64,1943,-28.93,-41.585,-17.525,-481.64,15.6,1943,0.0018540565291727,0.0010935569696380498,0.0026345698635386,1.526559736522281e-06,0.0140770586311729,1943,0.0018540565291727,0.0010935569696380498,0.0026345698635386,1.526559736522281e-06,0.0140770586311729,0,,,,,
C2RCC+T-Mart,OLI_TIRS,11,560,1943,30.77,18.380000000000003,68.6,0.31,481.77,1943,-21.1,-34.275000000000006,-10.995000000000001,-481.77,193.58,1943,0.0017983368019011,0.0013638046237033,0.00296047433920205,2.743989586097631e-05,0.0155221777952251,1943,0.0017983368019011,0.0013638046237033,0.00296047433920205,2.743989586097631e-05,0.0155221777952251,0,,,,,
ACOLITE+RAdCor,OLI_TIRS,1,665,1911,15.45,6.8100000000000005,55.525000000000006,0.01,7352.59,1911,3.17,-11.24,27.04,-7352.59,1234.23,1911,0.0003479833165316,0.00016601780425565,0.0009325057157616,3.192512146232493e-07,0.0165940707743167,1911,0.0003479833165316,0.00016601780425565,0.0009325057157616,3.192512146232493e-07,0.0165940707743167,0,,,,,
GAAC,OLI_TIRS,2,665,1912,16.535,5.78,90.0325,0.0,3731.38,1912,4.87,-6.81,73.8375,-3731.38,1361.97,1912,0.00038563689644415,0.00014460772990455,0.00133386730813855,9.610422245205989e-08,0.0184155127589079,1912,0.00038563689644415,0.00014460772990455,0.00133386730813855,9.610422245205989e-08,0.0184155127589079,0,,,,,
ACOLITE+T-Mart,OLI_TIRS,3,665,1943,32.65,21.799999999999997,63.105000000000004,0.08,1325.03,1943,28.49,15.49,57.375,-262.66,1325.03,1943,0.0007496277556297,0.0005252641821208,0.0010403933362903,2.83796061062826e-06,0.0178273746937513,1943,0.0007496277556297,0.0005252641821208,0.0010403933362903,2.83796061062826e-06,0.0178273746937513,0,,,,,
RAdCor+ACOLITE,OLI_TIRS,4,665,1943,34.71,21.975,51.17,0.01,1311.84,1943,33.18,17.465,49.625,-300.88,1311.84,1943,0.0008672458207575,0.00049581313769035,0.001130038150217,1.9650911462312282e-07,0.0171004532327175,1943,0.0008672458207575,0.00049581313769035,0.001130038150217,1.9650911462312282e-07,0.0171004532327175,0,,,,,
ACOLITE,OLI_TIRS,5,665,1943,35.17,24.48,60.64,0.01,1318.57,1943,30.91,15.385,47.650000000000006,-658.79,1318.57,1943,0.0008475191719964,0.0005639001608688499,0.00109695446098055,3.649032727479247e-07,0.0176773851931095,1943,0.0008475191719964,0.0005639001608688499,0.00109695446098055,3.649032727479247e-07,0.0176773851931095,0,,,,,
Polymer,OLI_TIRS,6,665,1939,35.74,22.83,55.045,0.09,224.9,1939,-34.71,-55.045,-18.965,-224.9,51.06,1939,0.0006572755479609,0.00033145452270644997,0.0009338289136605999,1.3647976255693351e-06,0.004650870465826,1939,0.0006572755479609,0.00033145452270644997,0.0009338289136605999,1.3647976255693351e-06,0.004650870465826,0,,,,,
Polymer+Radcor,OLI_TIRS,7,665,1939,45.8,24.995,66.695,0.11,283.13,1939,-45.76,-66.695,-23.475,-283.13,46.51,1939,0.0007803297443961,0.000335148516311,0.00105486695946135,1.6437770094532636e-06,0.0047753733418119,1939,0.0007803297443961,0.000335148516311,0.00105486695946135,1.6437770094532636e-06,0.0047753733418119,0,,,,,
Polymer+T-Mart,OLI_TIRS,8,665,1939,58.16,42.445,78.3,0.06,276.17,1939,-58.16,-78.3,-42.345,-276.17,53.41,1939,0.0008620977343356,0.00054372791892475,0.00114348294096035,7.255912174944801e-07,0.0045846961899103,1939,0.0008620977343356,0.00054372791892475,0.00114348294096035,7.255912174944801e-07,0.0045846961899103,0,,,,,
C2RCC+RAdCor,OLI_TIRS,9,665,1943,102.79,72.6,128.965,9.09,1626.12,1943,-102.79,-128.965,-72.6,-1626.12,-9.09,1943,0.0012535494393211,0.00075774058916935,0.00148863356616495,3.583226084238742e-05,0.005968722634433,1943,0.0012535494393211,0.00075774058916935,0.00148863356616495,3.583226084238742e-05,0.005968722634433,0,,,,,
C2RCC+T-Mart,OLI_TIRS,10,665,1943,108.26,87.175,224.365,0.45,1498.77,1943,-93.97,-120.7,-32.045,-1498.77,465.83,1943,0.0013611660392272,0.0011452175144052502,0.0017416469760660998,2.1668616940969418e-06,0.0087616722172624,1943,0.0013611660392272,0.0011452175144052502,0.0017416469760660998,2.1668616940969418e-06,0.0087616722172624,0,,,,,
C2RCC,OLI_TIRS,11,665,1943,119.85,76.62,149.21499999999997,6.68,1480.58,1943,-119.85,-149.21499999999997,-76.62,-1480.58,-6.68,1943,0.0013157056494033,0.0007983555176739,0.0016078842922935001,2.6010751194075453e-05,0.0060429808572247,1943,0.0013157056494033,0.0007983555176739,0.0016078842922935001,2.6010751194075453e-05,0.0060429808572247,0,,,,,
ACOLITE+RAdCor,OLI_TIRS,1,overall,1943,12.69,6.09,80.66,0.76,977.69,1943,4.38,-3.3049999999999997,60.89,-168.07,977.69,1943,0.0006,0.00037,0.0025250000000000003,5e-05,0.01958,1943,0.0007,0.00044,0.0032849999999999997,7e-05,0.01975,1943,4.066662957216812,2.0924642079763616,13.798274329764073,0.1874660232183837,33.89902440998047
ACOLITE,OLI_TIRS,2,overall,1943,13.17,7.52,58.69,0.6,990.06,1943,11.46,3.615,58.05,-153.16,990.06,1943,0.00084,0.00052,0.00214,0.0001,0.01939,1943,0.0009,0.00058,0.00253,0.00012,0.01944,1943,3.3312739101818942,2.353238430340482,9.95373613504764,1.0936505520051312,26.94052796556858
GAAC,OLI_TIRS,3,overall,1943,19.58,5.425,65.66,0.66,1039.2,1943,3.16,-7.165,54.28,-755.6310973295316,1039.2,1943,0.00084,0.00035,0.002,0.0001,0.02066,1943,0.00094,0.00043,0.00212,0.00011,0.02077,1936,4.509149983694265,1.946563567050764,11.284851907695977,0.404085988576256,42.81053757221048
ACOLITE+T-Mart,OLI_TIRS,4,overall,1943,19.99,11.879999999999999,75.92,1.43,1001.13,1943,18.83,9.59,75.66499999999999,-141.79,1001.13,1943,0.00111,0.00065,0.002785,0.00015,0.01979,1943,0.00115,0.0007,0.00313,0.00019,0.01985,1943,3.124292645293371,2.218945294607135,12.838939977158113,0.9740356522932246,28.17596687937624
RAdCor+ACOLITE,OLI_TIRS,5,overall,1943,20.7,12.085,59.705,0.78,995.18,1943,20.03,11.0,59.099999999999994,-151.26,995.18,1943,0.00119,0.00075,0.0020350000000000004,8e-05,0.02009,1943,0.00126,0.00081,0.0023750000000000004,0.0001,0.02023,1943,3.3866014971677845,2.5192764651796375,11.551109855687752,0.6449859121495557,29.884473365883384
Polymer+T-Mart,OLI_TIRS,6,overall,1939,25.54,22.4,30.545,5.67,231.86,1939,-2.49,-9.415,8.6,-125.45,231.86,1939,0.00123,0.00094,0.00143,0.0002,0.00605,1939,0.00137,0.00105,0.00161,0.00024,0.00758,1939,10.35829252932838,9.334552570000882,12.254984257074799,2.616572999658205,33.245228534713846
Polymer+Radcor,OLI_TIRS,7,overall,1939,27.04,23.14,32.06,4.87,245.49,1939,7.93,-0.645,19.415,-116.46,245.49,1939,0.00133,0.00107,0.00149,0.00023,0.00648,1939,0.0015,0.00129,0.001755,0.00033,0.00808,1939,10.191659145725112,9.379641016952807,11.423700702251871,2.631433972384188,32.90991953196511
C2RCC+RAdCor,OLI_TIRS,8,overall,1943,27.44,16.17,56.870000000000005,4.33,342.15,1943,-14.7,-28.11,-6.265,-342.15,55.36,1943,0.00132,0.00098,0.00159,0.00038,0.00737,1943,0.00146,0.0011,0.00181,0.00049,0.00837,1943,6.200535856791725,5.112393003991379,13.766122346315935,1.2291116540531926,43.51733080545049
C2RCC+T-Mart,OLI_TIRS,9,overall,1943,28.94,16.59,87.64,2.42,379.93,1943,-14.92,-29.235,-4.855,-379.93,226.46,1943,0.00136,0.00099,0.00206,0.00033,0.01177,1943,0.00146,0.00109,0.00217,0.00046,0.01204,1943,5.653965492779228,4.602104651787313,8.55340758199863,1.5392299469875064,43.26175155226143
Polymer,OLI_TIRS,10,overall,1939,29.38,24.255000000000003,33.97,4.23,245.62,1939,13.44,6.125,26.605,-98.08,245.62,1939,0.00141,0.00115,0.00167,0.00023,0.00632,1939,0.00167,0.0014,0.00201,0.00025,0.0077,1939,9.94505493761858,9.192978224229588,11.192361832744112,2.852508087890436,32.19791069966776
C2RCC,OLI_TIRS,11,overall,1943,39.08,25.564999999999998,58.785,4.62,385.85,1943,-23.35,-37.815,1.8,-385.85,52.69,1943,0.00155,0.00126,0.00182,0.00046,0.00742,1943,0.00172,0.001365,0.00203,0.00054,0.00842,1943,6.332270127256809,5.408013216018757,14.308159658723909,2.689752503351984,42.98724312804407
