processor,lake,rank_msa,band,MSA_percent_n,MSA_percent_median,MSA_percent_q25,MSA_percent_q75,MSA_percent_min,MSA_percent_max,SB_percent_n,SB_percent_median,SB_percent_q25,SB_percent_q75,SB_percent_min,SB_percent_max,MAE_n,MAE_median,MAE_q25,MAE_q75,MAE_min,MAE_max,RMSE_n,RMSE_median,RMSE_q25,RMSE_q75,RMSE_min,RMSE_max,SAM_deg_n,SAM_deg_median,SAM_deg_q25,SAM_deg_q75,SAM_deg_min,SAM_deg_max
ACOLITE,Lake Biel,1,443,1,13.62,13.62,13.62,13.62,13.62,1,13.62,13.62,13.62,13.62,13.62,1,0.0004434764641098,0.0004434764641098,0.0004434764641098,0.0004434764641098,0.0004434764641098,1,0.0004434764641098,0.0004434764641098,0.0004434764641098,0.0004434764641098,0.0004434764641098,0,,,,,
ACOLITE+T-Mart,Lake Biel,2,443,1,25.25,25.25,25.25,25.25,25.25,1,25.25,25.25,25.25,25.25,25.25,1,0.0008147462723746,0.0008147462723746,0.0008147462723746,0.0008147462723746,0.0008147462723746,1,0.0008147462723746,0.0008147462723746,0.0008147462723746,0.0008147462723746,0.0008147462723746,0,,,,,
GAAC,Lake Biel,3,443,1,26.0,26.0,26.0,26.0,26.0,1,26.0,26.0,26.0,26.0,26.0,1,0.0008013470828668,0.0008013470828668,0.0008013470828668,0.0008013470828668,0.0008013470828668,1,0.0008013470828668,0.0008013470828668,0.0008013470828668,0.0008013470828668,0.0008013470828668,0,,,,,
ACOLITE+RAdCor,Lake Biel,4,443,1,41.52,41.52,41.52,41.52,41.52,1,41.52,41.52,41.52,41.52,41.52,1,0.0013151553464624,0.0013151553464624,0.0013151553464624,0.0013151553464624,0.0013151553464624,1,0.0013151553464624,0.0013151553464624,0.0013151553464624,0.0013151553464624,0.0013151553464624,0,,,,,
RAdCor+ACOLITE,Lake Biel,5,443,1,61.73,61.73,61.73,61.73,61.73,1,61.73,61.73,61.73,61.73,61.73,1,0.0019539176622431,0.0019539176622431,0.0019539176622431,0.0019539176622431,0.0019539176622431,1,0.0019539176622431,0.0019539176622431,0.0019539176622431,0.0019539176622431,0.0019539176622431,0,,,,,
C2RCC,Lake Biel,6,443,1,99.3,99.3,99.3,99.3,99.3,1,-99.3,-99.3,-99.3,-99.3,-99.3,1,0.0015953970999413,0.0015953970999413,0.0015953970999413,0.0015953970999413,0.0015953970999413,1,0.0015953970999413,0.0015953970999413,0.0015953970999413,0.0015953970999413,0.0015953970999413,0,,,,,
C2RCC+T-Mart,Lake Biel,7,443,1,107.07,107.07,107.07,107.07,107.07,1,-107.07,-107.07,-107.07,-107.07,-107.07,1,0.0016492981531976,0.0016492981531976,0.0016492981531976,0.0016492981531976,0.0016492981531976,1,0.0016492981531976,0.0016492981531976,0.0016492981531976,0.0016492981531976,0.0016492981531976,0,,,,,
C2RCC+RAdCor,Lake Biel,8,443,1,114.1,114.1,114.1,114.1,114.1,1,-114.1,-114.1,-114.1,-114.1,-114.1,1,0.0016790970388208,0.0016790970388208,0.0016790970388208,0.0016790970388208,0.0016790970388208,1,0.0016790970388208,0.0016790970388208,0.0016790970388208,0.0016790970388208,0.0016790970388208,0,,,,,
Polymer+Radcor,Lake Biel,9,443,1,172.53,172.53,172.53,172.53,172.53,1,172.53,172.53,172.53,172.53,172.53,1,0.0056005109892398,0.0056005109892398,0.0056005109892398,0.0056005109892398,0.0056005109892398,1,0.0056005109892398,0.0056005109892398,0.0056005109892398,0.0056005109892398,0.0056005109892398,0,,,,,
Polymer+T-Mart,Lake Biel,10,443,1,217.53,217.53,217.53,217.53,217.53,1,217.53,217.53,217.53,217.53,217.53,1,0.0068869297663582,0.0068869297663582,0.0068869297663582,0.0068869297663582,0.0068869297663582,1,0.0068869297663582,0.0068869297663582,0.0068869297663582,0.0068869297663582,0.0068869297663582,0,,,,,
Polymer,Lake Biel,11,443,1,238.24,238.24,238.24,238.24,238.24,1,238.24,238.24,238.24,238.24,238.24,1,0.007492487280579,0.007492487280579,0.007492487280579,0.007492487280579,0.007492487280579,1,0.007492487280579,0.007492487280579,0.007492487280579,0.007492487280579,0.007492487280579,0,,,,,
ACOLITE,Lake Biel,1,490,1,8.43,8.43,8.43,8.43,8.43,1,4.49,4.49,4.49,4.49,4.49,1,0.0003743147731833,0.0003743147731833,0.0003743147731833,0.0003743147731833,0.0003743147731833,1,0.0003743147731833,0.0003743147731833,0.0003743147731833,0.0003743147731833,0.0003743147731833,0,,,,,
ACOLITE+T-Mart,Lake Biel,2,490,1,12.07,12.07,12.07,12.07,12.07,1,12.07,12.07,12.07,12.07,12.07,1,0.00056176973985,0.00056176973985,0.00056176973985,0.00056176973985,0.00056176973985,1,0.00056176973985,0.00056176973985,0.00056176973985,0.00056176973985,0.00056176973985,0,,,,,
ACOLITE+RAdCor,Lake Biel,3,490,1,28.92,28.92,28.92,28.92,28.92,1,28.92,28.92,28.92,28.92,28.92,1,0.0013187519876711,0.0013187519876711,0.0013187519876711,0.0013187519876711,0.0013187519876711,1,0.0013187519876711,0.0013187519876711,0.0013187519876711,0.0013187519876711,0.0013187519876711,0,,,,,
RAdCor+ACOLITE,Lake Biel,4,490,1,32.15,32.15,32.15,32.15,32.15,1,32.15,32.15,32.15,32.15,32.15,1,0.0014968044284393,0.0014968044284393,0.0014968044284393,0.0014968044284393,0.0014968044284393,1,0.0014968044284393,0.0014968044284393,0.0014968044284393,0.0014968044284393,0.0014968044284393,0,,,,,
GAAC,Lake Biel,5,490,1,33.69,33.69,33.69,33.69,33.69,1,33.69,33.69,33.69,33.69,33.69,1,0.0015756631945368,0.0015756631945368,0.0015756631945368,0.0015756631945368,0.0015756631945368,1,0.0015756631945368,0.0015756631945368,0.0015756631945368,0.0015756631945368,0.0015756631945368,0,,,,,
C2RCC,Lake Biel,6,490,1,66.66,66.66,66.66,66.66,66.66,1,-66.66,-66.66,-66.66,-66.66,-66.66,1,0.0018677440745251,0.0018677440745251,0.0018677440745251,0.0018677440745251,0.0018677440745251,1,0.0018677440745251,0.0018677440745251,0.0018677440745251,0.0018677440745251,0.0018677440745251,0,,,,,
C2RCC+RAdCor,Lake Biel,7,490,1,68.19,68.19,68.19,68.19,68.19,1,-68.19,-68.19,-68.19,-68.19,-68.19,1,0.0018839841124625,0.0018839841124625,0.0018839841124625,0.0018839841124625,0.0018839841124625,1,0.0018839841124625,0.0018839841124625,0.0018839841124625,0.0018839841124625,0.0018839841124625,0,,,,,
C2RCC+T-Mart,Lake Biel,8,490,1,69.42,69.42,69.42,69.42,69.42,1,-69.42,-69.42,-69.42,-69.42,-69.42,1,0.0018989604314624,0.0018989604314624,0.0018989604314624,0.0018989604314624,0.0018989604314624,1,0.0018989604314624,0.0018989604314624,0.0018989604314624,0.0018989604314624,0.0018989604314624,0,,,,,
Polymer+Radcor,Lake Biel,9,490,1,131.53,131.53,131.53,131.53,131.53,1,131.53,131.53,131.53,131.53,131.53,1,0.0060960820084697,0.0060960820084697,0.0060960820084697,0.0060960820084697,0.0060960820084697,1,0.0060960820084697,0.0060960820084697,0.0060960820084697,0.0060960820084697,0.0060960820084697,0,,,,,
Polymer+T-Mart,Lake Biel,10,490,1,168.57,168.57,168.57,168.57,168.57,1,168.57,168.57,168.57,168.57,168.57,1,0.0077220964190896,0.0077220964190896,0.0077220964190896,0.0077220964190896,0.0077220964190896,1,0.0077220964190896,0.0077220964190896,0.0077220964190896,0.0077220964190896,0.0077220964190896,0,,,,,
Polymer,Lake Biel,11,490,1,184.8,184.8,184.8,184.8,184.8,1,184.8,184.8,184.8,184.8,184.8,1,0.0084572836597527,0.0084572836597527,0.0084572836597527,0.0084572836597527,0.0084572836597527,1,0.0084572836597527,0.0084572836597527,0.0084572836597527,0.0084572836597527,0.0084572836597527,0,,,,,
ACOLITE,Lake Biel,1,560,1,5.89,5.89,5.89,5.89,5.89,1,0.01,0.01,0.01,0.01,0.01,1,0.0003493091921403,0.0003493091921403,0.0003493091921403,0.0003493091921403,0.0003493091921403,1,0.0003493091921403,0.0003493091921403,0.0003493091921403,0.0003493091921403,0.0003493091921403,0,,,,,
ACOLITE+T-Mart,Lake Biel,2,560,1,6.05,6.05,6.05,6.05,6.05,1,1.48,1.48,1.48,1.48,1.48,1,0.0003652304989202,0.0003652304989202,0.0003652304989202,0.0003652304989202,0.0003652304989202,1,0.0003652304989202,0.0003652304989202,0.0003652304989202,0.0003652304989202,0.0003652304989202,0,,,,,
RAdCor+ACOLITE,Lake Biel,3,560,1,8.02,8.02,8.02,8.02,8.02,1,8.02,8.02,8.02,8.02,8.02,1,0.0004760289661228,0.0004760289661228,0.0004760289661228,0.0004760289661228,0.0004760289661228,1,0.0004760289661228,0.0004760289661228,0.0004760289661228,0.0004760289661228,0.0004760289661228,0,,,,,
ACOLITE+RAdCor,Lake Biel,4,560,1,13.33,13.33,13.33,13.33,13.33,1,13.33,13.33,13.33,13.33,13.33,1,0.0008082280125558,0.0008082280125558,0.0008082280125558,0.0008082280125558,0.0008082280125558,1,0.0008082280125558,0.0008082280125558,0.0008082280125558,0.0008082280125558,0.0008082280125558,0,,,,,
GAAC,Lake Biel,5,560,1,43.14,43.14,43.14,43.14,43.14,1,43.14,43.14,43.14,43.14,43.14,1,0.0027606336505365,0.0027606336505365,0.0027606336505365,0.0027606336505365,0.0027606336505365,1,0.0027606336505365,0.0027606336505365,0.0027606336505365,0.0027606336505365,0.0027606336505365,0,,,,,
Polymer+Radcor,Lake Biel,6,560,1,53.72,53.72,53.72,53.72,53.72,1,53.72,53.72,53.72,53.72,53.72,1,0.0034082304000688,0.0034082304000688,0.0034082304000688,0.0034082304000688,0.0034082304000688,1,0.0034082304000688,0.0034082304000688,0.0034082304000688,0.0034082304000688,0.0034082304000688,0,,,,,
C2RCC+RAdCor,Lake Biel,7,560,1,66.49,66.49,66.49,66.49,66.49,1,-66.49,-66.49,-66.49,-66.49,-66.49,1,0.0024970965007752,0.0024970965007752,0.0024970965007752,0.0024970965007752,0.0024970965007752,1,0.0024970965007752,0.0024970965007752,0.0024970965007752,0.0024970965007752,0.0024970965007752,0,,,,,
Polymer+T-Mart,Lake Biel,8,560,1,76.87,76.87,76.87,76.87,76.87,1,76.87,76.87,76.87,76.87,76.87,1,0.0048113676719097,0.0048113676719097,0.0048113676719097,0.0048113676719097,0.0048113676719097,1,0.0048113676719097,0.0048113676719097,0.0048113676719097,0.0048113676719097,0.0048113676719097,0,,,,,
Polymer,Lake Biel,9,560,1,87.91,87.91,87.91,87.91,87.91,1,87.91,87.91,87.91,87.91,87.91,1,0.0055519443911688,0.0055519443911688,0.0055519443911688,0.0055519443911688,0.0055519443911688,1,0.0055519443911688,0.0055519443911688,0.0055519443911688,0.0055519443911688,0.0055519443911688,0,,,,,
C2RCC+T-Mart,Lake Biel,10,560,1,101.79,101.79,101.79,101.79,101.79,1,-101.79,-101.79,-101.79,-101.79,-101.79,1,0.0031537106867027,0.0031537106867027,0.0031537106867027,0.0031537106867027,0.0031537106867027,1,0.0031537106867027,0.0031537106867027,0.0031537106867027,0.0031537106867027,0.0031537106867027,0,,,,,
C2RCC,Lake Biel,11,560,1,114.22,114.22,114.22,114.22,114.22,1,-114.22,-114.22,-114.22,-114.22,-114.22,1,0.003329630452432,0.003329630452432,0.003329630452432,0.003329630452432,0.003329630452432,1,0.003329630452432,0.003329630452432,0.003329630452432,0.003329630452432,0.003329630452432,0,,,,,
RAdCor+ACOLITE,Lake Biel,1,665,1,8.79,8.79,8.79,8.79,8.79,1,-2.03,-2.03,-2.03,-2.03,-2.03,1,0.0001354981631174,0.0001354981631174,0.0001354981631174,0.0001354981631174,0.0001354981631174,1,0.0001354981631174,0.0001354981631174,0.0001354981631174,0.0001354981631174,0.0001354981631174,0,,,,,
Polymer+Radcor,Lake Biel,2,665,1,10.68,10.68,10.68,10.68,10.68,1,10.68,10.68,10.68,10.68,10.68,1,0.0001762071584237,0.0001762071584237,0.0001762071584237,0.0001762071584237,0.0001762071584237,1,0.0001762071584237,0.0001762071584237,0.0001762071584237,0.0001762071584237,0.0001762071584237,0,,,,,
ACOLITE+RAdCor,Lake Biel,3,665,1,23.31,23.31,23.31,23.31,23.31,1,23.31,23.31,23.31,23.31,23.31,1,0.000382983455602,0.000382983455602,0.000382983455602,0.000382983455602,0.000382983455602,1,0.000382983455602,0.000382983455602,0.000382983455602,0.000382983455602,0.000382983455602,0,,,,,
Polymer+T-Mart,Lake Biel,4,665,1,23.89,23.89,23.89,23.89,23.89,1,23.89,23.89,23.89,23.89,23.89,1,0.0003920290486846,0.0003920290486846,0.0003920290486846,0.0003920290486846,0.0003920290486846,1,0.0003920290486846,0.0003920290486846,0.0003920290486846,0.0003920290486846,0.0003920290486846,0,,,,,
Polymer,Lake Biel,5,665,1,31.46,31.46,31.46,31.46,31.46,1,31.46,31.46,31.46,31.46,31.46,1,0.0005265021213119,0.0005265021213119,0.0005265021213119,0.0005265021213119,0.0005265021213119,1,0.0005265021213119,0.0005265021213119,0.0005265021213119,0.0005265021213119,0.0005265021213119,0,,,,,
ACOLITE+T-Mart,Lake Biel,6,665,1,59.78,59.78,59.78,59.78,59.78,1,-59.78,-59.78,-59.78,-59.78,-59.78,1,0.0006192759594688,0.0006192759594688,0.0006192759594688,0.0006192759594688,0.0006192759594688,1,0.0006192759594688,0.0006192759594688,0.0006192759594688,0.0006192759594688,0.0006192759594688,0,,,,,
ACOLITE,Lake Biel,7,665,1,91.72,91.72,91.72,91.72,91.72,1,-91.72,-91.72,-91.72,-91.72,-91.72,1,0.0007994266327278,0.0007994266327278,0.0007994266327278,0.0007994266327278,0.0007994266327278,1,0.0007994266327278,0.0007994266327278,0.0007994266327278,0.0007994266327278,0.0007994266327278,0,,,,,
C2RCC+RAdCor,Lake Biel,8,665,1,155.9,155.9,155.9,155.9,155.9,1,-155.9,-155.9,-155.9,-155.9,-155.9,1,0.0010138937119188,0.0010138937119188,0.0010138937119188,0.0010138937119188,0.0010138937119188,1,0.0010138937119188,0.0010138937119188,0.0010138937119188,0.0010138937119188,0.0010138937119188,0,,,,,
GAAC,Lake Biel,9,665,1,193.37,193.37,193.37,193.37,193.37,1,193.37,193.37,193.37,193.37,193.37,1,0.0032156394121597,0.0032156394121597,0.0032156394121597,0.0032156394121597,0.0032156394121597,1,0.0032156394121597,0.0032156394121597,0.0032156394121597,0.0032156394121597,0.0032156394121597,0,,,,,
C2RCC+T-Mart,Lake Biel,10,665,1,243.14,243.14,243.14,243.14,243.14,1,-243.14,-243.14,-243.14,-243.14,-243.14,1,0.0011758737132159,0.0011758737132159,0.0011758737132159,0.0011758737132159,0.0011758737132159,1,0.0011758737132159,0.0011758737132159,0.0011758737132159,0.0011758737132159,0.0011758737132159,0,,,,,
C2RCC,Lake Biel,11,665,1,265.94,265.94,265.94,265.94,265.94,1,-265.94,-265.94,-265.94,-265.94,-265.94,1,0.0012059364024992,0.0012059364024992,0.0012059364024992,0.0012059364024992,0.0012059364024992,1,0.0012059364024992,0.0012059364024992,0.0012059364024992,0.0012059364024992,0.0012059364024992,0,,,,,
ACOLITE,Lake Biel,1,overall,1,11.73,11.73,11.73,11.73,11.73,1,2.24,2.24,2.24,2.24,2.24,1,0.00049,0.00049,0.00049,0.00049,0.00049,1,0.00058,0.00058,0.00058,0.00058,0.00058,1,6.316844579151967,6.316844579151967,6.316844579151967,6.316844579151967,6.316844579151967
ACOLITE+T-Mart,Lake Biel,2,overall,1,18.62,18.62,18.62,18.62,18.62,1,6.69,6.69,6.69,6.69,6.69,1,0.00058,0.00058,0.00058,0.00058,0.00058,1,0.00065,0.00065,0.00065,0.00065,0.00065,1,6.901492070587812,6.901492070587812,6.901492070587812,6.901492070587812,6.901492070587812
RAdCor+ACOLITE,Lake Biel,3,overall,1,22.05,22.05,22.05,22.05,22.05,1,19.92,19.92,19.92,19.92,19.92,1,0.00099,0.00099,0.00099,0.00099,0.00099,1,0.00125,0.00125,0.00125,0.00125,0.00125,1,9.204846955309264,9.204846955309264,9.204846955309264,9.204846955309264,9.204846955309264
ACOLITE+RAdCor,Lake Biel,4,overall,1,25.9,25.9,25.9,25.9,25.9,1,25.9,25.9,25.9,25.9,25.9,1,0.00096,0.00096,0.00096,0.00096,0.00096,1,0.00105,0.00105,0.00105,0.00105,0.00105,1,5.133231291361508,5.133231291361508,5.133231291361508,5.133231291361508,5.133231291361508
GAAC,Lake Biel,5,overall,1,38.51,38.51,38.51,38.51,38.51,1,38.51,38.51,38.51,38.51,38.51,1,0.00207,0.00207,0.00207,0.00207,0.00207,1,0.0023,0.0023,0.0023,0.0023,0.0023,1,11.864765992864267,11.864765992864267,11.864765992864267,11.864765992864267,11.864765992864267
Polymer+Radcor,Lake Biel,6,overall,1,89.07,89.07,89.07,89.07,89.07,1,89.07,89.07,89.07,89.07,89.07,1,0.00385,0.00385,0.00385,0.00385,0.00385,1,0.00449,0.00449,0.00449,0.00449,0.00449,1,13.596177182670392,13.596177182670392,13.596177182670392,13.596177182670392,13.596177182670392
C2RCC+RAdCor,Lake Biel,7,overall,1,89.31,89.31,89.31,89.31,89.31,1,-89.31,-89.31,-89.31,-89.31,-89.31,1,0.00177,0.00177,0.00177,0.00177,0.00177,1,0.00184,0.00184,0.00184,0.00184,0.00184,1,5.71167938297094,5.71167938297094,5.71167938297094,5.71167938297094,5.71167938297094
C2RCC+T-Mart,Lake Biel,8,overall,1,101.11,101.11,101.11,101.11,101.11,1,-101.11,-101.11,-101.11,-101.11,-101.11,1,0.00195,0.00195,0.00195,0.00195,0.00195,1,0.00208,0.00208,0.00208,0.00208,0.00208,1,6.849933902425051,6.849933902425051,6.849933902425051,6.849933902425051,6.849933902425051
C2RCC,Lake Biel,9,overall,1,103.65,103.65,103.65,103.65,103.65,1,-103.65,-103.65,-103.65,-103.65,-103.65,1,0.00199,0.00199,0.00199,0.00199,0.00199,1,0.00215,0.00215,0.00215,0.00215,0.00215,1,8.24182275935315,8.24182275935315,8.24182275935315,8.24182275935315,8.24182275935315
Polymer+T-Mart,Lake Biel,10,overall,1,117.94,117.94,117.94,117.94,117.94,1,117.94,117.94,117.94,117.94,117.94,1,0.00495,0.00495,0.00495,0.00495,0.00495,1,0.0057,0.0057,0.0057,0.0057,0.0057,1,14.302993457339952,14.302993457339952,14.302993457339952,14.302993457339952,14.302993457339952
Polymer,Lake Biel,11,overall,1,131.98,131.98,131.98,131.98,131.98,1,131.98,131.98,131.98,131.98,131.98,1,0.0055,0.0055,0.0055,0.0055,0.0055,1,0.00629,0.00629,0.00629,0.00629,0.00629,1,14.307820937638503,14.307820937638503,14.307820937638503,14.307820937638503,14.307820937638503
GAAC,Lake Constance,1,443,1,62.41,62.41,62.41,62.41,62.41,1,62.41,62.41,62.41,62.41,62.41,1,0.00262672402301015,0.00262672402301015,0.00262672402301015,0.00262672402301015,0.00262672402301015,1,0.00262672402301015,0.00262672402301015,0.00262672402301015,0.00262672402301015,0.00262672402301015,0,,,,,
Polymer+T-Mart,Lake Constance,2,443,2,64.605,44.8975,84.3125,25.19,104.02,2,64.605,44.8975,84.3125,25.19,104.02,2,0.0012670083037296751,0.0011276705714154125,0.0014063460360439375,0.00098833283910115,0.0015456837683582,2,0.0012670083037296751,0.0011276705714154125,0.0014063460360439375,0.00098833283910115,0.0015456837683582,0,,,,,
Polymer+Radcor,Lake Constance,3,443,2,74.57,58.355000000000004,90.785,42.14,107.0,2,74.57,58.355000000000004,90.785,42.14,107.0,2,0.00167509642333365,0.001650856423272625,0.001699336423394675,0.0016266164232116,0.0017235764234557,2,0.00167509642333365,0.001650856423272625,0.001699336423394675,0.0016266164232116,0.0017235764234557,0,,,,,
Polymer,Lake Constance,4,443,2,78.255,61.8425,94.66749999999999,45.43,111.08,2,78.255,61.8425,94.66749999999999,45.43,111.08,2,0.00176034990060375,0.001710841047488425,0.0018098587537190751,0.0016613321943731,0.0018593676068344,2,0.00176034990060375,0.001710841047488425,0.0018098587537190751,0.0016613321943731,0.0018593676068344,0,,,,,
C2RCC+RAdCor,Lake Constance,5,443,2,101.5075,70.40125,132.61375,39.295,163.72,2,101.5075,70.40125,132.61375,39.295,163.72,2,0.00199374819758805,0.001772873691849675,0.002214622703326425,0.0015519991861113,0.0024354972090648,2,0.00199374819758805,0.001772873691849675,0.002214622703326425,0.0015519991861113,0.0024354972090648,0,,,,,
C2RCC,Lake Constance,6,443,2,102.98,71.345,134.615,39.71,166.25,2,102.98,71.345,134.615,39.71,166.25,2,0.00202426500448865,0.001794046110343975,0.002254483898633325,0.0015638272161993,0.002484702792778,2,0.00202426500448865,0.001794046110343975,0.002254483898633325,0.0015638272161993,0.002484702792778,0,,,,,
C2RCC+T-Mart,Lake Constance,7,443,2,110.315,86.13749999999999,134.4925,61.96,158.67,2,110.315,86.13749999999999,134.4925,61.96,158.67,2,0.00235689862042135,0.002334879754397875,0.002378917486444825,0.0023128608883744,0.0024009363524683,2,0.00235689862042135,0.002334879754397875,0.002378917486444825,0.0023128608883744,0.0024009363524683,0,,,,,
RAdCor+ACOLITE,Lake Constance,8,443,2,167.78750000000002,132.29625000000001,203.27875,96.805,238.77,2,167.78750000000002,132.29625000000001,203.27875,96.805,238.77,2,0.003487410034860325,0.0034209610906931875,0.0035538589790274624,0.00335451214652605,0.0036203079231946,2,0.003487410034860325,0.0034209610906931875,0.0035538589790274624,0.00335451214652605,0.0036203079231946,0,,,,,
ACOLITE,Lake Constance,9,443,2,173.3175,132.59125,214.04375000000002,91.86500000000001,254.77,2,173.3175,132.59125,214.04375000000002,91.86500000000001,254.77,2,0.00357971571005545,0.0034320994324799252,0.003727331987630975,0.0032844831549044,0.0038749482652065,2,0.00357971571005545,0.0034320994324799252,0.003727331987630975,0.0032844831549044,0.0038749482652065,0,,,,,
ACOLITE+T-Mart,Lake Constance,10,443,2,187.575,154.5875,220.5625,121.6,253.55,2,187.575,154.5875,220.5625,121.6,253.55,2,0.00410701743232815,0.003952891025105525,0.004261143839550775,0.0037987646178829,0.0044152702467734,2,0.00410701743232815,0.003952891025105525,0.004261143839550775,0.0037987646178829,0.0044152702467734,0,,,,,
ACOLITE+RAdCor,Lake Constance,11,443,2,289.18,245.73,332.63,202.28,376.08,2,289.18,245.73,332.63,202.28,376.08,2,0.006682926697702,0.0061661080195026495,0.00719974537590135,0.0056492893413033,0.0077165640541007,2,0.006682926697702,0.0061661080195026495,0.00719974537590135,0.0056492893413033,0.0077165640541007,0,,,,,
Polymer+T-Mart,Lake Constance,1,490,2,26.8975,16.916249999999998,36.87875,6.9350000000000005,46.86,2,26.79,16.755000000000003,36.825,6.720000000000001,46.86,2,0.0007196240235195749,0.0005681519212767125,0.0008710961257624374,0.00041667981903385,0.0010225682280053,2,0.0007196240235195749,0.0005681519212767125,0.0008710961257624374,0.00041667981903385,0.0010225682280053,0,,,,,
Polymer+Radcor,Lake Constance,2,490,2,35.432500000000005,27.13375,43.73125,18.835,52.03,2,35.432500000000005,27.13375,43.73125,18.835,52.03,2,0.001172432569956975,0.0011676693203965375,0.0011771958195174125,0.0011629060708361,0.00118195906907785,2,0.001172432569956975,0.0011676693203965375,0.0011771958195174125,0.0011629060708361,0.00118195906907785,0,,,,,
Polymer,Lake Constance,3,490,2,37.9125,29.29375,46.53125,20.675,55.15,2,37.9125,29.29375,46.53125,20.675,55.15,2,0.001242974792740475,0.0012269153311282375,0.0012590342543527125,0.001210855869516,0.00127509371596495,2,0.001242974792740475,0.0012269153311282375,0.0012590342543527125,0.001210855869516,0.00127509371596495,0,,,,,
C2RCC+RAdCor,Lake Constance,4,490,2,61.7875,45.78625,77.78875000000001,29.785,93.79,2,61.7875,45.78625,77.78875000000001,29.785,93.79,2,0.00187644973294405,0.0017971205288040749,0.001955778937084025,0.0017177913246641,0.002035108141224,2,0.00187644973294405,0.0017971205288040749,0.001955778937084025,0.0017177913246641,0.002035108141224,0,,,,,
C2RCC,Lake Constance,5,490,2,63.76,46.474999999999994,81.045,29.189999999999998,98.33,2,63.76,46.474999999999994,81.045,29.189999999999998,98.33,2,0.0018753393825301,0.0017595889505864501,0.00199108981447375,0.0016438385186428,0.0021068402464174,2,0.0018753393825301,0.0017595889505864501,0.00199108981447375,0.0016438385186428,0.0021068402464174,0,,,,,
C2RCC+T-Mart,Lake Constance,6,490,2,68.82,55.315,82.325,41.81,95.83,2,68.82,55.315,82.325,41.81,95.83,2,0.0023242038642881,0.00219012922034215,0.00245827850823405,0.0020560545763962,0.00259235315218,2,0.0023242038642881,0.00219012922034215,0.00245827850823405,0.0020560545763962,0.00259235315218,0,,,,,
RAdCor+ACOLITE,Lake Constance,7,490,2,78.47749999999999,54.06625,102.88875,29.655,127.3,2,78.47749999999999,54.06625,102.88875,29.655,127.3,2,0.0021691893963526497,0.0018617748603459248,0.002476603932359375,0.0015543603243391999,0.0027840184683661,2,0.0021691893963526497,0.0018617748603459248,0.002476603932359375,0.0015543603243391999,0.0027840184683661,0,,,,,
ACOLITE,Lake Constance,8,490,2,81.50999999999999,54.635,108.38499999999999,27.759999999999998,135.26,2,81.50999999999999,54.635,108.38499999999999,27.759999999999998,135.26,2,0.002219137299669275,0.0018599183762243125,0.0025783562231142376,0.00150069945277935,0.0029375751465592,2,0.002219137299669275,0.0018599183762243125,0.0025783562231142376,0.00150069945277935,0.0029375751465592,0,,,,,
ACOLITE+T-Mart,Lake Constance,9,490,2,90.8925,70.90375,110.88125,50.915,130.87,2,90.8925,70.90375,110.88125,50.915,130.87,2,0.003023663177698475,0.0029313300790205373,0.0031159962763764124,0.0028389969803426,0.0032083293750543498,2,0.003023663177698475,0.0029313300790205373,0.0031159962763764124,0.0028389969803426,0.0032083293750543498,0,,,,,
ACOLITE+RAdCor,Lake Constance,10,490,2,153.3625,128.10375,178.62125,102.845,203.88,2,153.3625,128.10375,178.62125,102.845,203.88,2,0.005138935952823475,0.0047966413583221375,0.005481230547324812,0.0044543467638208,0.00582352514182615,2,0.005138935952823475,0.0047966413583221375,0.005481230547324812,0.0044543467638208,0.00582352514182615,0,,,,,
GAAC,Lake Constance,11,490,2,426.895,230.78500000000003,623.005,34.675,819.115,2,-397.73,-608.4225,-187.0375,-819.115,23.655,2,0.002057761708045325,0.0020173530486004123,0.002098170367490238,0.0019769443891555,0.00213857902693515,2,0.002057761708045325,0.0020173530486004123,0.002098170367490238,0.0019769443891555,0.00213857902693515,0,,,,,
Polymer+Radcor,Lake Constance,1,560,2,4.5075,4.456250000000001,4.55875,4.405,4.61,2,0.27249999999999974,-1.4812500000000002,2.0262499999999997,-3.2350000000000003,3.78,2,0.00019532241128312073,0.00014619421835565608,0.0002444506042105853,9.706602542819148e-05,0.00029357879713804997,2,0.00019532241128312073,0.00014619421835565608,0.0002444506042105853,9.706602542819148e-05,0.00029357879713804997,0,,,,,
Polymer,Lake Constance,2,560,2,6.317500000000001,5.11625,7.518750000000001,3.915,8.72,2,3.4050000000000002,0.7475000000000003,6.0625,-1.91,8.72,2,0.000227626797063825,0.00020457589887996251,0.0002506776952476875,0.0001815250006961,0.00027372859343155,2,0.000227626797063825,0.00020457589887996251,0.0002506776952476875,0.0001815250006961,0.00027372859343155,0,,,,,
Polymer+T-Mart,Lake Constance,3,560,2,10.317499999999999,7.6587499999999995,12.97625,5.0,15.635,2,-10.2025,-12.91875,-7.48625,-15.635,-4.77,2,0.0005454787995122614,0.000320783601790592,0.0007701739972339307,9.608840406892268e-05,0.0009948691949556,2,0.0005454787995122614,0.000320783601790592,0.0007701739972339307,9.608840406892268e-05,0.0009948691949556,0,,,,,
C2RCC+RAdCor,Lake Constance,4,560,2,10.6825,8.15625,13.208749999999998,5.63,15.735,2,-5.3375,-10.536249999999999,-0.13874999999999993,-15.735,5.06,2,0.0005815006939323499,0.000350523735559125,0.0008124776523055749,0.0001195467771859,0.0010434546106788,2,0.0005815006939323499,0.000350523735559125,0.0008124776523055749,0.0001195467771859,0.0010434546106788,0,,,,,
C2RCC,Lake Constance,5,560,2,11.4175,8.373750000000001,14.461250000000001,5.33,17.505000000000003,2,-6.267500000000002,-11.886250000000002,-0.6487500000000006,-17.505000000000003,4.97,2,0.00061330314393205,0.00036325280607922496,0.000863353481784875,0.0001132024682264,0.0011134038196377,2,0.00061330314393205,0.00036325280607922496,0.000863353481784875,0.0001132024682264,0.0011134038196377,0,,,,,
C2RCC+T-Mart,Lake Constance,6,560,2,28.869999999999997,23.155,34.585,17.44,40.3,2,12.8375,10.536249999999999,15.138750000000002,8.235,17.44,2,0.0014160688119202749,0.0008897076243778374,0.0019424299994627123,0.0003633464368354,0.0024687911870051498,2,0.0014160688119202749,0.0008897076243778374,0.0019424299994627123,0.0003633464368354,0.0024687911870051498,0,,,,,
ACOLITE,Lake Constance,7,560,2,46.7625,28.30375,65.22125,9.844999999999999,83.68,2,46.050000000000004,27.235000000000003,64.86500000000001,8.420000000000002,83.68,2,0.001259005903330575,0.0010136056500462125,0.0015044061566149376,0.00076820539676185,0.0017498064098993,2,0.001259005903330575,0.0010136056500462125,0.0015044061566149376,0.00076820539676185,0.0017498064098993,0,,,,,
ACOLITE+T-Mart,Lake Constance,8,560,2,47.73,33.835,61.625,19.94,75.52,2,47.73,33.835,61.625,19.94,75.52,2,0.00154714713253275,0.0015325615980650749,0.001561732667000425,0.0015179760635974,0.0015763182014681,2,0.00154714713253275,0.0015325615980650749,0.001561732667000425,0.0015179760635974,0.0015763182014681,0,,,,,
RAdCor+ACOLITE,Lake Constance,9,560,2,49.13,29.315,68.94500000000001,9.5,88.76,2,48.5675,28.47125,68.66375000000001,8.375,88.76,2,0.00132049719926185,0.001034736619958575,0.001606257778565125,0.0007489760406553,0.0018920183578684,2,0.00132049719926185,0.001034736619958575,0.001606257778565125,0.0007489760406553,0.0018920183578684,0,,,,,
GAAC,Lake Constance,10,560,2,69.1025,45.06875,93.13625,21.035,117.17,2,-56.3325,-86.75125,-25.91375,-117.17,4.505,2,0.0012627337469162,0.0011900576046085499,0.00133540988922385,0.0011173814623009,0.0014080860315314999,2,0.0012627337469162,0.0011900576046085499,0.00133540988922385,0.0011173814623009,0.0014080860315314999,0,,,,,
ACOLITE+RAdCor,Lake Constance,11,560,2,94.4025,72.60875,116.19625,50.815,137.99,2,94.4025,72.60875,116.19625,50.815,137.99,2,0.0032222164862089004,0.0030550660221834,0.0033893669502344003,0.0028879155581579,0.0035565174142599,2,0.0032222164862089004,0.0030550660221834,0.0033893669502344003,0.0028879155581579,0.0035565174142599,0,,,,,
Polymer,Lake Constance,1,665,2,23.2225,19.11375,27.33125,15.004999999999999,31.44,2,-23.145000000000003,-27.2925,-18.997500000000002,-31.44,-14.850000000000001,2,0.000157211924663175,0.0001360036773959375,0.0001784201719304125,0.0001147954301287,0.00019962841919765,2,0.000157211924663175,0.0001360036773959375,0.0001784201719304125,0.0001147954301287,0.00019962841919765,0,,,,,
Polymer+Radcor,Lake Constance,2,665,2,27.035,20.7525,33.3175,14.47,39.6,2,-26.875,-33.2375,-20.512500000000003,-39.6,-14.15,2,0.00016662630913685,0.00015207078814072502,0.000181181830132975,0.0001375152671446,0.0001957373511291,2,0.00016662630913685,0.00015207078814072502,0.000181181830132975,0.0001375152671446,0.0001957373511291,0,,,,,
C2RCC+T-Mart,Lake Constance,3,665,2,29.927500000000002,20.503750000000004,39.35125000000001,11.08,48.775000000000006,2,9.5525,8.89625,10.20875,8.24,10.865,2,0.00033853528779116264,0.00019563134363801888,0.0004814392319443064,5.272739948487517e-05,0.0006243431760974501,2,0.00033853528779116264,0.00019563134363801888,0.0004814392319443064,5.272739948487517e-05,0.0006243431760974501,0,,,,,
Polymer+T-Mart,Lake Constance,4,665,2,38.62,29.599999999999998,47.64,20.58,56.66,2,-37.54,-47.099999999999994,-27.98,-56.66,-18.42,2,0.00022535895349485,0.000199736310450625,0.000250981596539075,0.0001741136674064,0.0002766042395833,2,0.00022535895349485,0.000199736310450625,0.000250981596539075,0.0001741136674064,0.0002766042395833,0,,,,,
C2RCC+RAdCor,Lake Constance,5,665,2,40.52,33.455,47.58500000000001,26.39,54.650000000000006,2,-40.52,-47.58500000000001,-33.455,-54.650000000000006,-26.39,2,0.00031343035775792497,0.0002079719291926125,0.0004188887863232375,0.0001025135006273,0.00052434721488855,2,0.00031343035775792497,0.0002079719291926125,0.0004188887863232375,0.0001025135006273,0.00052434721488855,0,,,,,
C2RCC,Lake Constance,6,665,2,42.8,35.47,50.13,28.14,57.46,2,-42.8,-50.13,-35.47,-57.46,-28.14,2,0.000324316270605425,0.0002145098524430125,0.00043412268876783747,0.0001047034342806,0.00054392910693025,2,0.000324316270605425,0.0002145098524430125,0.00043412268876783747,0.0001047034342806,0.00054392910693025,0,,,,,
GAAC,Lake Constance,7,665,1,72.125,72.125,72.125,72.125,72.125,1,17.580000000000002,17.580000000000002,17.580000000000002,17.580000000000002,17.580000000000002,1,0.0011637744300163001,0.0011637744300163001,0.0011637744300163001,0.0011637744300163001,0.0011637744300163001,1,0.0011637744300163001,0.0011637744300163001,0.0011637744300163001,0.0011637744300163001,0.0011637744300163001,0,,,,,
ACOLITE+T-Mart,Lake Constance,8,665,2,156.8775,104.76125,208.99375,52.644999999999996,261.11,2,156.8775,104.76125,208.99375,52.644999999999996,261.11,2,0.001021240819778875,0.0009120171437673125,0.0011304644957904374,0.0008027934677557499,0.001239688171802,2,0.001021240819778875,0.0009120171437673125,0.0011304644957904374,0.0008027934677557499,0.001239688171802,0,,,,,
RAdCor+ACOLITE,Lake Constance,9,665,2,162.39749999999998,108.58625,216.20874999999998,54.775000000000006,270.02,2,133.71249999999998,65.55875,201.86624999999998,-2.5949999999999998,270.02,2,0.000969011526665225,0.0008052665107495875,0.0011327565425808626,0.00064152149483395,0.0012965015584965,2,0.000969011526665225,0.0008052665107495875,0.0011327565425808626,0.00064152149483395,0.0012965015584965,0,,,,,
ACOLITE,Lake Constance,10,665,2,164.3925,113.15875,215.62625000000003,61.925,266.86,2,130.85250000000002,62.848749999999995,198.85625000000002,-5.154999999999999,266.86,2,0.00102294745241935,0.000887796546803725,0.0011580983580349751,0.0007526456411880999,0.0012932492636506,2,0.00102294745241935,0.000887796546803725,0.0011580983580349751,0.0007526456411880999,0.0012932492636506,0,,,,,
ACOLITE+RAdCor,Lake Constance,11,665,2,318.935,251.5575,386.3125,184.18,453.69,2,318.935,251.5575,386.3125,184.18,453.69,2,0.002486783571573125,0.0023481222955597124,0.0026254448475865376,0.0022094610195463,0.00276410612359995,2,0.002486783571573125,0.0023481222955597124,0.0026254448475865376,0.0022094610195463,0.00276410612359995,0,,,,,
C2RCC+T-Mart,Lake Constance,1,704,1,17.64,17.64,17.64,17.64,17.64,1,-17.64,-17.64,-17.64,-17.64,-17.64,1,0.0001219670741045,0.0001219670741045,0.0001219670741045,0.0001219670741045,0.0001219670741045,1,0.0001219670741045,0.0001219670741045,0.0001219670741045,0.0001219670741045,0.0001219670741045,0,,,,,
RAdCor+ACOLITE,Lake Constance,2,704,1,26.33,26.33,26.33,26.33,26.33,1,-26.16,-26.16,-26.16,-26.16,-26.16,1,0.0001698869014219,0.0001698869014219,0.0001698869014219,0.0001698869014219,0.0001698869014219,1,0.0001698869014219,0.0001698869014219,0.0001698869014219,0.0001698869014219,0.0001698869014219,0,,,,,
ACOLITE,Lake Constance,3,704,1,35.03,35.03,35.03,35.03,35.03,1,-35.02,-35.02,-35.02,-35.02,-35.02,1,0.0002076000254711,0.0002076000254711,0.0002076000254711,0.0002076000254711,0.0002076000254711,1,0.0002076000254711,0.0002076000254711,0.0002076000254711,0.0002076000254711,0.0002076000254711,0,,,,,
ACOLITE+T-Mart,Lake Constance,4,704,1,35.94,35.94,35.94,35.94,35.94,1,35.72,35.72,35.72,35.72,35.72,1,0.0002962479591739,0.0002962479591739,0.0002962479591739,0.0002962479591739,0.0002962479591739,1,0.0002962479591739,0.0002962479591739,0.0002962479591739,0.0002962479591739,0.0002962479591739,0,,,,,
C2RCC+RAdCor,Lake Constance,5,704,1,46.34,46.34,46.34,46.34,46.34,1,-46.34,-46.34,-46.34,-46.34,-46.34,1,0.0002592976174228,0.0002592976174228,0.0002592976174228,0.0002592976174228,0.0002592976174228,1,0.0002592976174228,0.0002592976174228,0.0002592976174228,0.0002592976174228,0.0002592976174228,0,,,,,
C2RCC,Lake Constance,6,704,1,53.5,53.5,53.5,53.5,53.5,1,-53.5,-53.5,-53.5,-53.5,-53.5,1,0.0002859577622958,0.0002859577622958,0.0002859577622958,0.0002859577622958,0.0002859577622958,1,0.0002859577622958,0.0002859577622958,0.0002859577622958,0.0002859577622958,0.0002859577622958,0,,,,,
GAAC,Lake Constance,7,704,1,69.63,69.63,69.63,69.63,69.63,1,-69.63,-69.63,-69.63,-69.63,-69.63,1,0.0003249994544898,0.0003249994544898,0.0003249994544898,0.0003249994544898,0.0003249994544898,1,0.0003249994544898,0.0003249994544898,0.0003249994544898,0.0003249994544898,0.0003249994544898,0,,,,,
Polymer+T-Mart,Lake Constance,8,704,1,72.82,72.82,72.82,72.82,72.82,1,-72.82,-72.82,-72.82,-72.82,-72.82,1,0.0003538953124292,0.0003538953124292,0.0003538953124292,0.0003538953124292,0.0003538953124292,1,0.0003538953124292,0.0003538953124292,0.0003538953124292,0.0003538953124292,0.0003538953124292,0,,,,,
Polymer+Radcor,Lake Constance,9,704,1,135.7,135.7,135.7,135.7,135.7,1,-135.7,-135.7,-135.7,-135.7,-135.7,1,0.0004822037569486,0.0004822037569486,0.0004822037569486,0.0004822037569486,0.0004822037569486,1,0.0004822037569486,0.0004822037569486,0.0004822037569486,0.0004822037569486,0.0004822037569486,0,,,,,
Polymer,Lake Constance,10,704,1,156.85,156.85,156.85,156.85,156.85,1,-156.85,-156.85,-156.85,-156.85,-156.85,1,0.0005128530762206,0.0005128530762206,0.0005128530762206,0.0005128530762206,0.0005128530762206,1,0.0005128530762206,0.0005128530762206,0.0005128530762206,0.0005128530762206,0.0005128530762206,0,,,,,
ACOLITE+RAdCor,Lake Constance,11,704,1,320.21,320.21,320.21,320.21,320.21,1,320.21,320.21,320.21,320.21,320.21,1,0.002598834180907,0.002598834180907,0.002598834180907,0.002598834180907,0.002598834180907,1,0.002598834180907,0.002598834180907,0.002598834180907,0.002598834180907,0.002598834180907,0,,,,,
Polymer,Lake Constance,1,overall,2,33.26,27.15,39.37,21.04,45.48,2,18.35,12.16,24.54,5.97,30.73,2,0.0008650000000000001,0.0008325,0.0008975000000000001,0.0008,0.00093,2,0.001075,0.0010574999999999998,0.0010925000000000002,0.00104,0.00111,2,11.82108471334625,10.406122651232145,13.236046775460355,8.991160589118039,14.651008837574462
Polymer+Radcor,Lake Constance,2,overall,2,34.102500000000006,27.23375,40.971250000000005,20.365000000000002,47.84,2,15.6975,10.59125,20.80375,5.485,25.91,2,0.000815,0.0007825,0.0008475000000000001,0.00075,0.00088,2,0.0010325,0.00101625,0.00104875,0.001,0.001065,2,12.06587294872811,10.437932920147842,13.69381297730838,8.809992891567573,15.321753005888649
Polymer+T-Mart,Lake Constance,3,overall,2,35.88,27.68,44.08,19.48,52.28,2,7.385,1.6224999999999996,13.1475,-4.140000000000001,18.91,2,0.000705,0.0007025,0.0007075,0.0007,0.00071,2,0.00087,0.00084,0.0009,0.00081,0.00093,2,12.297549942728388,10.180171453498524,14.414928431958254,8.062792964268658,16.53230692118812
C2RCC+T-Mart,Lake Constance,4,overall,2,47.93,46.17,49.69,44.41,51.45,2,38.49,32.010000000000005,44.97,25.53,51.45,2,0.001435,0.0013275,0.0015425,0.00122,0.00165,2,0.0017875,0.00168375,0.00189125,0.00158,0.001995,2,13.286087094324147,11.381170319645943,15.191003869002351,9.47625354496774,17.095920643680554
C2RCC+RAdCor,Lake Constance,5,overall,2,48.8825,44.92375,52.84125,40.965,56.8,2,22.4575,12.061250000000001,32.85375,1.665,43.25,2,0.00117,0.00117,0.00117,0.00117,0.00117,2,0.001555,0.0015325,0.0015775000000000001,0.00151,0.0016,2,16.28456128544312,14.665465045879627,17.903657525006615,13.046368806316131,19.522753764570112
C2RCC,Lake Constance,6,overall,2,51.24,47.225,55.255,43.21,59.27,2,21.2875,9.471250000000001,33.103750000000005,-2.3449999999999998,44.92,2,0.00123,0.00122,0.00124,0.00121,0.00125,2,0.0016175,0.00160625,0.00162875,0.001595,0.00164,2,16.442619150007232,14.78033524879291,18.104903051221555,13.11805134757859,19.767186952435875
RAdCor+ACOLITE,Lake Constance,7,overall,2,107.07,72.13,142.01,37.19,176.95,2,94.97999999999999,53.995,135.96499999999997,13.01,176.95,2,0.001795,0.0014775,0.0021125,0.00116,0.00243,2,0.0021349999999999997,0.0019075,0.0023625,0.00168,0.00259,2,13.043770385206752,12.557626476133295,13.52991429428021,12.071482567059839,14.016058203353667
ACOLITE,Lake Constance,8,overall,2,115.1125,78.49875,151.72625,41.885,188.34,2,99.325,54.817499999999995,143.8325,10.309999999999999,188.34,2,0.00181,0.00147,0.00215,0.00113,0.00249,2,0.002155,0.0018925,0.0024175,0.00163,0.00268,2,13.156991234438987,12.15250445144923,14.161478017428745,11.148017668459474,15.165964800418502
ACOLITE+T-Mart,Lake Constance,9,overall,2,119.3725,86.01375,152.73125,52.655,186.09,2,119.3725,86.01375,152.73125,52.655,186.09,2,0.0023275,0.0023012500000000003,0.00235375,0.002275,0.00238,2,0.0026375,0.0026137499999999998,0.00266125,0.00259,0.002685,2,14.567457097993096,13.947425520633232,15.18748867535296,13.32739394327337,15.807520252712822
GAAC,Lake Constance,10,overall,2,177.30448075710007,111.72974037855005,242.8792211356501,46.155,308.45396151420016,2,-144.6544807571001,-226.55422113565012,-62.75474037855004,-308.45396151420016,19.145,2,0.001621267643231025,0.0015554996104787627,0.0016870356759832875,0.0014897315777265,0.0017528037087355501,2,0.00179297940031225,0.001679827402482775,0.001906131398141725,0.0015666754046533,0.0020192833959712,2,22.006269989000714,16.26909514260869,27.743444835392737,10.531920296216668,33.48061968178476
ACOLITE+RAdCor,Lake Constance,11,overall,2,221.1825,191.02875,251.33625,160.875,281.49,2,221.1825,191.02875,251.33625,160.875,281.49,2,0.004245,0.0040225,0.0044675,0.0038,0.00469,2,0.004580000000000001,0.0043100000000000005,0.00485,0.00404,0.00512,2,15.849197429120165,15.684258269405849,16.014136588834482,15.51931910969153,16.1790757485488
Polymer+T-Mart,Lake Zurich,1,443,5,20.265,18.47,28.29,4.08,200.03500000000003,5,20.15,18.04,27.92,-0.43,200.03500000000003,5,0.0007148853296038,0.0003668582281092,0.0012337175446144998,0.00014808190020185001,0.0037693537938578003,5,0.0007148853296038,0.0003668582281092,0.0012337175446144998,0.00014808190020185001,0.0037693537938578003,0,,,,,
ACOLITE+RAdCor,Lake Zurich,2,443,5,28.3,24.275,147.28,11.004999999999999,276.78,5,27.73,24.275,147.28,-10.795,276.78,5,0.0009553946448284,0.0006830443312931,0.0028947407416095,0.00057689992163595,0.005214552392157051,5,0.0009553946448284,0.0006830443312931,0.0028947407416095,0.00057689992163595,0.005214552392157051,0,,,,,
Polymer+Radcor,Lake Zurich,3,443,5,40.115,33.41,44.2,4.425000000000001,198.875,5,40.115,33.41,44.2,2.82,198.875,5,0.0011309786488049,0.0006891108629259,0.0023326031288613503,0.00017091511885665,0.00400340391249065,5,0.0011309786488049,0.0006891108629259,0.0023326031288613503,0.00017091511885665,0.00400340391249065,0,,,,,
Polymer,Lake Zurich,4,443,5,53.08,38.35,59.85,15.955,209.835,5,53.08,38.35,59.85,15.955,209.835,5,0.0014997734636157,0.0007913108271516,0.00306823845678985,0.0006218792342389001,0.0040008414273195,5,0.0014997734636157,0.0007913108271516,0.00306823845678985,0.0006218792342389001,0.0040008414273195,0,,,,,
ACOLITE,Lake Zurich,5,443,5,56.41,9.35,73.95,5.67,292.005,5,56.41,2.005,73.95,-8.44,292.005,5,0.0013475688983503,0.000337948893477,0.0015081533184114,0.00032644387533275,0.0055311189128974,5,0.0013475688983503,0.000337948893477,0.0015081533184114,0.00032644387533275,0.0055311189128974,0,,,,,
C2RCC+RAdCor,Lake Zurich,6,443,5,66.24,32.4,101.88499999999999,11.83,349.91,5,-32.4,-66.24,11.725,-349.91,98.01499999999999,5,0.0014322745362815,0.000994693043728,0.0015861474400917,0.0004640927807524,0.00186507352111825,5,0.0014322745362815,0.000994693043728,0.0015861474400917,0.0004640927807524,0.00186507352111825,0,,,,,
GAAC,Lake Zurich,7,443,5,69.55,48.96,89.27,7.4,137.915,5,5.59,-69.27,48.96,-89.27,137.915,5,0.0011778581103377,0.0009965935129567,0.0016429076267423502,0.00042872814110815,0.0026085393631595,5,0.0011778581103377,0.0009965935129567,0.0016429076267423502,0.00042872814110815,0.0026085393631595,0,,,,,
RAdCor+ACOLITE,Lake Zurich,8,443,5,71.76,14.45,91.58,9.075,291.015,5,71.76,14.45,91.58,8.29,291.015,5,0.0016923616920065,0.0008485060772106499,0.0018589210532146,0.0003572832043521,0.0055807437508203495,5,0.0016923616920065,0.0008485060772106499,0.0018589210532146,0.0003572832043521,0.0055807437508203495,0,,,,,
C2RCC,Lake Zurich,9,443,5,74.07,41.415,98.72999999999999,31.735,390.69,5,-41.415,-74.07,31.060000000000002,-390.69,86.86,5,0.0015586154129342,0.0012364535160752001,0.001619953836953,0.0010664993921084,0.00169636780689955,5,0.0015586154129342,0.0012364535160752001,0.001619953836953,0.0010664993921084,0.00169636780689955,0,,,,,
C2RCC+T-Mart,Lake Zurich,10,443,5,78.81,15.17,107.83,10.605,277.82,5,-15.17,-78.81,10.26,-277.82,101.075,5,0.0011341528809373,0.00077100090767645,0.0014847322484367,0.0004093671324373,0.0018755412527975998,5,0.0011341528809373,0.00077100090767645,0.0014847322484367,0.0004093671324373,0.0018755412527975998,0,,,,,
ACOLITE+T-Mart,Lake Zurich,11,443,5,83.46,8.855,109.15,7.905,302.9,5,83.46,5.725,109.15,-3.9050000000000002,302.9,5,0.0020254635761196,0.00051783891100065,0.0022205853613238,0.0002918850567892,0.0057436613671722,5,0.0020254635761196,0.00051783891100065,0.0022205853613238,0.0002918850567892,0.0057436613671722,0,,,,,
Polymer+Radcor,Lake Zurich,1,490,5,11.81,10.274999999999999,36.85,3.38,100.8,5,9.465,-2.0549999999999997,36.73,-11.81,100.8,5,0.0009626787844307,0.0003768429612624,0.0012721278978326,0.00017393595871764998,0.00330766083892465,5,0.0009626787844307,0.0003768429612624,0.0012721278978326,0.00017393595871764998,0.00330766083892465,0,,,,,
ACOLITE,Lake Zurich,2,490,5,13.86,10.695,35.19,6.76,140.345,5,13.86,-1.5750000000000002,35.15,-10.515,140.345,5,0.0006092330947227,0.0005191130740108,0.0011984199898481,0.0004924600835633,0.004384364338466749,5,0.0006092330947227,0.0005191130740108,0.0011984199898481,0.0004924600835633,0.004384364338466749,0,,,,,
Polymer,Lake Zurich,3,490,5,16.325,11.02,51.79,9.06,107.965,5,16.29,11.02,51.39,-8.38,107.965,5,0.0015280936205898,0.00057122421659275,0.0018091960042608,0.0002992838165558,0.0033532116938024,5,0.0015280936205898,0.00057122421659275,0.0018091960042608,0.0002992838165558,0.0033532116938024,0,,,,,
RAdCor+ACOLITE,Lake Zurich,4,490,5,17.77,7.97,42.98,3.0,139.445,5,17.77,6.58,42.84,-0.105,139.445,5,0.00075046157530565,0.0006332747658517,0.0014279997458715,0.0001548316486451,0.0042979181557776,5,0.00075046157530565,0.0006332747658517,0.0014279997458715,0.0001548316486451,0.0042979181557776,0,,,,,
ACOLITE+RAdCor,Lake Zurich,5,490,5,19.72,7.765000000000001,57.5,7.74,115.785,5,17.81,7.22,57.5,-7.47,115.785,5,0.0006726900172113999,0.0006045214611175,0.0019273564606063,0.0004055965841219,0.00369217848182205,5,0.0006726900172113999,0.0006045214611175,0.0019273564606063,0.0004055965841219,0.00369217848182205,0,,,,,
Polymer+T-Mart,Lake Zurich,6,490,5,22.39,7.65,22.78,5.68,98.775,5,-0.41500000000000004,-5.595,22.63,-22.39,98.775,5,0.00069157359493535,0.0006482094560777,0.0007807714357204,0.00028271466069385,0.0030682627009639,5,0.00069157359493535,0.0006482094560777,0.0007807714357204,0.00028271466069385,0.0030682627009639,0,,,,,
ACOLITE+T-Mart,Lake Zurich,7,490,5,29.57,8.86,50.99,7.9,146.255,5,29.57,1.8450000000000002,50.66,-7.78,146.255,5,0.0010507011506187,0.0008160188789405501,0.0016500877429847,0.0003825049292613,0.0045515318211868504,5,0.0010507011506187,0.0008160188789405501,0.0016500877429847,0.0003825049292613,0.0045515318211868504,0,,,,,
C2RCC+T-Mart,Lake Zurich,8,490,5,31.945,20.61,54.18,12.21,315.93,5,-20.61,-54.18,12.02,-315.93,12.525,5,0.0012168000697785,0.0009536365010147,0.00160552971140935,0.00065289311115625,0.0026821503517188,5,0.0012168000697785,0.0009536365010147,0.00160552971140935,0.00065289311115625,0.0026821503517188,0,,,,,
C2RCC,Lake Zurich,9,490,5,33.88,32.32,38.815,32.144999999999996,456.64,5,-33.88,-38.815,4.835,-456.64,31.880000000000003,5,0.0016982878764519,0.00092331230793555,0.00264091945011725,0.0008688547148093,0.0029102053149711,5,0.0016982878764519,0.00092331230793555,0.00264091945011725,0.0008688547148093,0.0029102053149711,0,,,,,
C2RCC+RAdCor,Lake Zurich,10,490,5,34.31,28.240000000000002,39.03,13.585,400.45,5,-34.31,-39.03,6.305,-400.45,13.345,5,0.0009345340367732,0.0008280650607011999,0.0024101027231338,0.0007181673105291499,0.0028228253768795,5,0.0009345340367732,0.0008280650607011999,0.0024101027231338,0.0007181673105291499,0.0028228253768795,0,,,,,
GAAC,Lake Zurich,11,490,5,46.57,9.3,63.47,4.895,67.89,5,-0.725,-46.57,8.83,-67.785,63.285,5,0.0011221471340295,0.00045194384120414996,0.00195127991255175,0.0003300942944537,0.0021345383775478004,5,0.0011221471340295,0.00045194384120414996,0.00195127991255175,0.0003300942944537,0.0021345383775478004,0,,,,,
ACOLITE+RAdCor,Lake Zurich,1,560,5,6.9,5.855,26.58,4.625,30.045,5,-2.9800000000000004,-3.275,10.75,-6.88,26.58,5,0.0005914471127629,0.0003561245277352,0.0009068984536314,0.00030964262842535,0.0009738686097717,5,0.0005914471127629,0.0003561245277352,0.0009068984536314,0.00030964262842535,0.0009738686097717,0,,,,,
ACOLITE,Lake Zurich,2,560,5,8.614999999999998,6.78,12.09,6.7,53.935,5,1.75,-2.88,12.06,-8.53,53.935,5,0.0006739532253727,0.0005358075406313499,0.0007086147462920999,0.0002409954498509,0.00192319597279855,5,0.0006739532253727,0.0005358075406313499,0.0007086147462920999,0.0002409954498509,0.00192319597279855,0,,,,,
RAdCor+ACOLITE,Lake Zurich,3,560,5,9.38,7.755,10.36,7.375,50.035,5,5.92,-7.695,10.22,-9.38,50.035,5,0.0005975698121063,0.00048509775735375,0.00077230329093425,0.0003198805039626,0.0017678342397174501,5,0.0005975698121063,0.00048509775735375,0.00077230329093425,0.0003198805039626,0.0017678342397174501,0,,,,,
ACOLITE+T-Mart,Lake Zurich,4,560,5,11.57,8.15,13.33,4.91,53.47,5,2.05,-1.31,11.48,-13.225,53.47,5,0.0008061295382672,0.0006407157724618,0.00082351425666445,0.0001825522972922,0.00183351631324215,5,0.0008061295382672,0.0006407157724618,0.00082351425666445,0.0001825522972922,0.00183351631324215,0,,,,,
Polymer,Lake Zurich,5,560,5,12.95,5.970000000000001,23.880000000000003,3.09,42.19,5,-2.9450000000000003,-3.795,12.79,-42.19,23.880000000000003,5,0.0007448400743473,0.00060396238739585,0.0008272929251977,0.0002019641575984,0.0011251886630968,5,0.0007448400743473,0.00060396238739585,0.0008272929251977,0.0002019641575984,0.0011251886630968,0,,,,,
Polymer+T-Mart,Lake Zurich,6,560,5,16.175,13.92,19.495,5.24,63.75,5,-16.175,-19.495,-3.88,-63.75,13.04,5,0.0011117289792119001,0.00047058682403265,0.0014661672313082,0.0002820059268853,0.0014698892702956498,5,0.0011117289792119001,0.00047058682403265,0.0014661672313082,0.0002820059268853,0.0014698892702956498,0,,,,,
Polymer+Radcor,Lake Zurich,7,560,5,16.27,9.575,16.560000000000002,4.56,46.16,5,-9.44,-16.560000000000002,3.58,-46.16,16.16,5,0.000918196941711,0.0005784891650147501,0.00096315959840475,0.0002592704759128,0.0011953377773111,5,0.000918196941711,0.0005784891650147501,0.00096315959840475,0.0002592704759128,0.0011953377773111,0,,,,,
GAAC,Lake Zurich,8,560,5,19.85,6.27,29.465000000000003,5.51,42.925,5,-4.15,-19.85,3.6550000000000002,-42.86,29.465000000000003,5,0.0009197938736456,0.0005784558883927,0.0010087261489865,0.000218520941736,0.0020613045526834,5,0.0009197938736456,0.0005784558883927,0.0010087261489865,0.000218520941736,0.0020613045526834,0,,,,,
C2RCC+T-Mart,Lake Zurich,9,560,5,32.64,32.37,103.955,19.345,112.84,5,-32.64,-103.955,-32.37,-112.84,-19.345,5,0.0016968216663701,0.00165777448806795,0.0017398049575053,0.0013609304681914,0.0019659933036345,5,0.0016968216663701,0.00165777448806795,0.0017398049575053,0.0013609304681914,0.0019659933036345,0,,,,,
C2RCC+RAdCor,Lake Zurich,10,560,5,36.77,35.36,123.465,33.355000000000004,156.61,5,-36.77,-123.465,-35.36,-156.61,-33.355000000000004,5,0.0019001545814093502,0.0016877098794886,0.0022773903488839,0.0014586665601117,0.0028602308013702,5,0.0019001545814093502,0.0016877098794886,0.0022773903488839,0.0014586665601117,0.0028602308013702,0,,,,,
C2RCC,Lake Zurich,11,560,5,53.605000000000004,32.63,111.06,18.735,193.09,5,-53.605000000000004,-111.06,-32.63,-193.09,-18.735,5,0.00178166537424645,0.0013854613273716,0.0024675834972777,0.0010595475778454998,0.0036252857023756,5,0.00178166537424645,0.0013854613273716,0.0024675834972777,0.0010595475778454998,0.0036252857023756,0,,,,,
ACOLITE+RAdCor,Lake Zurich,1,665,5,14.51,13.895,42.43,9.235,52.7,5,-2.4699999999999998,-12.905000000000001,7.05,-23.490000000000002,52.7,5,0.00024328636104549998,0.00024145246952845,0.0005151402834478,0.0001995347553638,0.0007931139294402,5,0.00024328636104549998,0.00024145246952845,0.0005151402834478,0.0001995347553638,0.0007931139294402,0,,,,,
RAdCor+ACOLITE,Lake Zurich,2,665,5,25.22,14.905,34.4,8.69,46.37,5,25.22,-2.14,34.33,-14.625,44.065,5,0.0004931171127085,0.0002565749933712,0.0006807987915534,0.0001299064073582,0.0007243462148555501,5,0.0004931171127085,0.0002565749933712,0.0006807987915534,0.0001299064073582,0.0007243462148555501,0,,,,,
ACOLITE,Lake Zurich,3,665,5,29.4,18.955,30.16,11.48,50.845,5,18.32,-9.2,30.02,-28.674999999999997,49.325,5,0.0004425428552123,0.00043947869672699997,0.00050530957283305,0.0001718591407285,0.0008146117179726,5,0.0004425428552123,0.00043947869672699997,0.00050530957283305,0.0001718591407285,0.0008146117179726,0,,,,,
GAAC,Lake Zurich,4,665,5,31.2,18.105,69.265,10.66,177.89999999999998,5,12.88,-5.73,31.14,-177.02499999999998,69.195,5,0.00050001872229845,0.0004989355553722,0.0010705266329237,0.0001455975475266,0.0012938454145797998,5,0.00050001872229845,0.0004989355553722,0.0010705266329237,0.0001455975475266,0.0012938454145797998,0,,,,,
ACOLITE+T-Mart,Lake Zurich,5,665,5,31.939999999999998,17.54,41.04,8.59,49.769999999999996,5,7.75,6.265000000000001,40.01,-31.845,49.195,5,0.00048414888023659997,0.0004646808208644,0.0005952712249454,0.0001363648129311,0.0007995758624162999,5,0.00048414888023659997,0.0004646808208644,0.0005952712249454,0.0001363648129311,0.0007995758624162999,0,,,,,
Polymer+T-Mart,Lake Zurich,6,665,5,45.64,43.835,155.855,10.04,190.59,5,-45.64,-155.855,-43.835,-190.59,-0.98,5,0.0008217618463724999,0.00060668434745935,0.0009486138451724,0.0001255518355934,0.0010571965238599,5,0.0008217618463724999,0.00060668434745935,0.0009486138451724,0.0001255518355934,0.0010571965238599,0,,,,,
Polymer+Radcor,Lake Zurich,7,665,5,53.72,44.36,147.255,6.88,217.43,5,-53.72,-147.255,-44.36,-217.43,1.91,5,0.0009352818862111501,0.00058897123360005,0.0009382492111227,9.317076472466538e-05,0.0011051136701777,5,0.0009352818862111501,0.00058897123360005,0.0009382492111227,9.317076472466538e-05,0.0011051136701777,0,,,,,
Polymer,Lake Zurich,8,665,5,63.71,26.75,128.035,10.76,291.59,5,-63.71,-128.035,-26.75,-291.59,10.43,5,0.0008773600346303,0.00041798739737720003,0.00102997767692655,0.0001556586499773,0.0012015018577383,5,0.0008773600346303,0.00041798739737720003,0.00102997767692655,0.0001556586499773,0.0012015018577383,0,,,,,
C2RCC+T-Mart,Lake Zurich,9,665,5,93.49,78.88,104.65,23.93,535.99,5,-93.49,-104.65,-78.88,-535.99,-23.93,5,0.0010007102019389,0.0007737257395267,0.0011767384875418,0.0002682714923409,0.00131278801677245,5,0.0010007102019389,0.0007737257395267,0.0011767384875418,0.0002682714923409,0.00131278801677245,0,,,,,
C2RCC+RAdCor,Lake Zurich,10,665,5,121.37,116.25,158.89,61.11,588.61,5,-121.37,-158.89,-116.25,-588.61,-61.11,5,0.0010548534172886,0.0009784756666457,0.0013302661454941,0.000538131441267,0.0014679463662041,5,0.0010548534172886,0.0009784756666457,0.0013302661454941,0.000538131441267,0.0014679463662041,0,,,,,
C2RCC,Lake Zurich,11,665,5,155.73,117.975,222.93,65.82,540.3900000000001,5,-155.73,-222.93,-117.975,-540.3900000000001,-65.82,5,0.0010897790125202,0.0010687300404519499,0.00130202909030675,0.0005758095846455,0.00162181090398325,5,0.0010897790125202,0.0010687300404519499,0.00130202909030675,0.0005758095846455,0.00162181090398325,0,,,,,
ACOLITE+T-Mart,Lake Zurich,1,704,2,21.605,17.7225,25.4875,13.84,29.37,2,18.78,13.485,24.075000000000003,8.19,29.37,2,0.0002518473635913,0.00022753759510449998,0.0002761571320781,0.0002032278266177,0.0003004669005649,2,0.0002518473635913,0.00022753759510449998,0.0002761571320781,0.0002032278266177,0.0003004669005649,0,,,,,
ACOLITE,Lake Zurich,2,704,2,53.775000000000006,42.1025,65.4475,30.43,77.12,2,53.775000000000006,42.1025,65.4475,30.43,77.12,2,0.0007259602714577999,0.00052366029355165,0.0009282602493639499,0.0003213603156455,0.0011305602272701,2,0.0007259602714577999,0.00052366029355165,0.0009282602493639499,0.0003213603156455,0.0011305602272701,0,,,,,
RAdCor+ACOLITE,Lake Zurich,3,704,2,54.265,49.017500000000005,59.5125,43.77,64.76,2,54.265,49.017500000000005,59.5125,43.77,64.76,2,0.0007018402300089,0.0005779330584275,0.0008257474015903,0.0004540258868461,0.0009496545731717,2,0.0007018402300089,0.0005779330584275,0.0008257474015903,0.0004540258868461,0.0009496545731717,0,,,,,
C2RCC+T-Mart,Lake Zurich,4,704,2,62.30499999999999,54.0475,70.5625,45.79,78.82,2,-62.30499999999999,-70.5625,-54.0475,-78.82,-45.79,2,0.00046053513437425,0.000459691016032375,0.00046137925271612503,0.0004588468976905,0.000462223371058,2,0.00046053513437425,0.000459691016032375,0.00046137925271612503,0.0004588468976905,0.000462223371058,0,,,,,
ACOLITE+RAdCor,Lake Zurich,5,704,2,76.545,64.1375,88.9525,51.73,101.36,2,76.545,64.1375,88.9525,51.73,101.36,2,0.00090307918522335,0.000842181192791225,0.0009639771776554749,0.0007812832003591,0.0010248751700876,2,0.00090307918522335,0.000842181192791225,0.0009639771776554749,0.0007812832003591,0.0010248751700876,0,,,,,
GAAC,Lake Zurich,6,704,2,84.34,77.135,91.545,69.93,98.75,2,84.34,77.135,91.545,69.93,98.75,2,0.00103438643537305,0.001033610315596075,0.001035162555150025,0.0010328341958191,0.001035938674927,2,0.00103438643537305,0.001033610315596075,0.001035162555150025,0.0010328341958191,0.001035938674927,0,,,,,
C2RCC+RAdCor,Lake Zurich,7,704,2,138.91,137.33499999999998,140.485,135.76,142.06,2,-138.91,-140.485,-137.33499999999998,-142.06,-135.76,2,0.0007336007109072749,0.0006786979675432375,0.0007885034542713125,0.0006237952241792,0.00084340619763535,2,0.0007336007109072749,0.0006786979675432375,0.0007885034542713125,0.0006237952241792,0.00084340619763535,0,,,,,
C2RCC,Lake Zurich,8,704,2,196.54500000000002,190.7125,202.3775,184.88,208.21,2,-196.54500000000002,-202.3775,-190.7125,-208.21,-184.88,2,0.0008298461945874999,0.0007660455296005,0.0008936468595745,0.0007022448646135,0.0009574475245615,2,0.0008298461945874999,0.0007660455296005,0.0008936468595745,0.0007022448646135,0.0009574475245615,0,,,,,
Polymer+T-Mart,Lake Zurich,9,704,2,369.04499999999996,236.7975,501.29249999999996,104.55,633.54,2,-369.04499999999996,-501.29249999999996,-236.7975,-633.54,-104.55,2,0.00081625115551775,0.000787302600067825,0.0008451997109676751,0.0007583540446179,0.0008741482664176,2,0.00081625115551775,0.000787302600067825,0.0008451997109676751,0.0007583540446179,0.0008741482664176,0,,,,,
Polymer+Radcor,Lake Zurich,10,704,2,623.9125,542.86375,704.96125,461.815,786.01,2,-623.9125,-704.96125,-542.86375,-786.01,-461.815,2,0.001056744551825375,0.0009736842848455624,0.0011398048188051874,0.00089062401786575,0.0012228650857849998,2,0.001056744551825375,0.0009736842848455624,0.0011398048188051874,0.00089062401786575,0.0012228650857849998,0,,,,,
Polymer,Lake Zurich,11,704,2,1126.165,1035.9975,1216.3325,945.83,1306.5,2,-1126.165,-1216.3325,-1035.9975,-1306.5,-945.83,2,0.0011560699839439,0.00104608741181625,0.00126605255607155,0.0009361048396886,0.0013760351281992,2,0.0011560699839439,0.00104608741181625,0.00126605255607155,0.0009361048396886,0.0013760351281992,0,,,,,
ACOLITE+RAdCor,Lake Zurich,1,overall,5,16.15,11.305,59.25,8.355,79.675,5,11.87,2.14,56.575,-4.859999999999999,59.25,5,0.00053,0.00049,0.0015,0.00048,0.0024749999999999998,5,0.00063,0.00059,0.00169,0.00056,0.003255,5,7.26699508931882,6.13472867787911,14.372586723017347,3.034645711410499,27.32043863909956
ACOLITE,Lake Zurich,2,overall,5,17.33,10.579999999999998,33.66,7.82,94.39,5,12.56,3.675,33.53,-10.5,94.39,5,0.0006,0.00055,0.00094,0.00046,0.0032050000000000004,5,0.00075,0.0007,0.00099,0.00047,0.0037150000000000004,5,6.859728010129676,3.643798253027919,12.522962890268506,2.305722785975949,20.094897071551657
RAdCor+ACOLITE,Lake Zurich,3,overall,5,20.14,13.63,38.75,7.675000000000001,90.73,5,17.5,13.445,38.05,-3.57,90.73,5,0.00077,0.00068,0.0011,0.00033,0.0031,5,0.00092,0.00081,0.0012,0.000395,0.003645,5,9.256725026500176,3.82914522915176,15.225548176765525,3.0032154146045555,20.538378451100606
Polymer+T-Mart,Lake Zurich,4,overall,5,22.97,15.25,63.5,13.260000000000002,120.35499999999999,5,-9.87,-12.754999999999999,10.57,-63.5,52.004999999999995,5,0.0009,0.00055,0.00117,0.00049,0.0020949999999999996,5,0.00098,0.00067,0.00131,0.00058,0.002495,5,8.39728218383029,7.77217836262857,17.969817785830834,4.993154076965961,23.898354559884687
ACOLITE+T-Mart,Lake Zurich,5,overall,5,23.39,10.870000000000001,45.15,9.885000000000002,95.56,5,23.39,3.385,45.14,-10.61,95.56,5,0.00075,0.00059,0.00124,0.000465,0.003235,5,0.0011,0.00069,0.0014,0.00051,0.0038,5,10.54891778615889,3.1830500233513397,14.574342903644508,2.113778559836086,21.11400132416435
Polymer+Radcor,Lake Zurich,6,overall,5,29.814999999999998,21.79,49.27,11.309999999999999,122.75,5,-4.66,-9.34,19.96,-44.89,56.394999999999996,5,0.00086,0.00068,0.00134,0.00048,0.00219,5,0.00093,0.00085,0.00151,0.00059,0.00267,5,10.228543646799071,8.76000068529226,19.152764177744807,5.275324843611061,23.88289381636681
Polymer,Lake Zurich,7,overall,5,32.48,31.63,46.15,13.379999999999999,117.535,5,3.4000000000000004,2.923426938037965,31.61,-37.39,62.01,5,0.00106,0.00087,0.00155,0.00048,0.0023,5,0.00124,0.00094,0.00184,0.00052,0.0026950000000000003,5,10.976746381446155,9.203341311555077,19.6707367425516,5.320440347394128,22.64452379535642
GAAC,Lake Zurich,8,overall,5,33.21,31.14,63.0,7.445,69.445,5,4.45,-33.21,31.07,-69.15,62.785,5,0.00084,0.0006,0.00163,0.00054,0.00179,5,0.00096,0.00071,0.001755,0.00063,0.001815,5,8.864485739028583,7.187720892981183,11.56490236643303,3.0203246434420015,13.007800307023288
C2RCC+T-Mart,Lake Zurich,9,overall,5,43.05,22.1,104.35499999999999,21.525,114.09,5,-35.655,-43.05,-21.525,-114.09,-9.975000000000001,5,0.00119,0.00099,0.00143,0.00093,0.00147,5,0.0013,0.00108,0.00154,0.00107,0.00169,5,12.306866355678446,5.819299778090298,18.543473244947386,3.980731975724256,31.11254773406727
C2RCC+RAdCor,Lake Zurich,10,overall,5,49.07,37.93,113.25999999999999,23.355,173.26,5,-43.955,-49.07,-37.93,-173.26,-9.425,5,0.0014,0.00098,0.00165,0.00098,0.00188,5,0.00155,0.00112,0.00186,0.00104,0.00204,5,12.861143706848383,4.661824192781688,18.07311318095021,4.226024364637435,32.20598698671081
C2RCC,Lake Zurich,11,overall,5,54.260000000000005,48.3,99.60499999999999,31.615,224.76,5,-48.3,-54.260000000000005,-40.39,-224.76,4.225,5,0.00137,0.001275,0.00176,0.00097,0.00219,5,0.001485,0.0013,0.00196,0.00103,0.0024,5,14.243697718091223,5.418017953929332,17.258907733167675,5.254994874721719,30.528406556650538
ACOLITE+T-Mart,Walensee,1,443,1,7.51,7.51,7.51,7.51,7.51,1,-5.01,-5.01,-5.01,-5.01,-5.01,1,0.0005083715444474,0.0005083715444474,0.0005083715444474,0.0005083715444474,0.0005083715444474,1,0.0005083715444474,0.0005083715444474,0.0005083715444474,0.0005083715444474,0.0005083715444474,0,,,,,
RAdCor+ACOLITE,Walensee,2,443,1,7.58,7.58,7.58,7.58,7.58,1,4.33,4.33,4.33,4.33,4.33,1,0.0005141896162427001,0.0005141896162427001,0.0005141896162427001,0.0005141896162427001,0.0005141896162427001,1,0.0005141896162427001,0.0005141896162427001,0.0005141896162427001,0.0005141896162427001,0.0005141896162427001,0,,,,,
C2RCC,Walensee,3,443,1,8.99,8.99,8.99,8.99,8.99,1,8.879999999999999,8.879999999999999,8.879999999999999,8.879999999999999,8.879999999999999,1,0.00063043408411635,0.00063043408411635,0.00063043408411635,0.00063043408411635,0.00063043408411635,1,0.00063043408411635,0.00063043408411635,0.00063043408411635,0.00063043408411635,0.00063043408411635,0,,,,,
Polymer+T-Mart,Walensee,4,443,1,17.439999999999998,17.439999999999998,17.439999999999998,17.439999999999998,17.439999999999998,1,17.439999999999998,17.439999999999998,17.439999999999998,17.439999999999998,17.439999999999998,1,0.00118513628223225,0.00118513628223225,0.00118513628223225,0.00118513628223225,0.00118513628223225,1,0.00118513628223225,0.00118513628223225,0.00118513628223225,0.00118513628223225,0.00118513628223225,0,,,,,
Polymer+Radcor,Walensee,5,443,1,21.689999999999998,21.689999999999998,21.689999999999998,21.689999999999998,21.689999999999998,1,21.689999999999998,21.689999999999998,21.689999999999998,21.689999999999998,21.689999999999998,1,0.0014165375331333,0.0014165375331333,0.0014165375331333,0.0014165375331333,0.0014165375331333,1,0.0014165375331333,0.0014165375331333,0.0014165375331333,0.0014165375331333,0.0014165375331333,0,,,,,
ACOLITE,Walensee,6,443,1,22.655,22.655,22.655,22.655,22.655,1,-22.655,-22.655,-22.655,-22.655,-22.655,1,0.00132069407520945,0.00132069407520945,0.00132069407520945,0.00132069407520945,0.00132069407520945,1,0.00132069407520945,0.00132069407520945,0.00132069407520945,0.00132069407520945,0.00132069407520945,0,,,,,
C2RCC+RAdCor,Walensee,7,443,1,22.83,22.83,22.83,22.83,22.83,1,-22.83,-22.83,-22.83,-22.83,-22.83,1,0.0013066800168003,0.0013066800168003,0.0013066800168003,0.0013066800168003,0.0013066800168003,1,0.0013066800168003,0.0013066800168003,0.0013066800168003,0.0013066800168003,0.0013066800168003,0,,,,,
C2RCC+T-Mart,Walensee,8,443,1,29.545,29.545,29.545,29.545,29.545,1,-29.545,-29.545,-29.545,-29.545,-29.545,1,0.00155620949328785,0.00155620949328785,0.00155620949328785,0.00155620949328785,0.00155620949328785,1,0.00155620949328785,0.00155620949328785,0.00155620949328785,0.00155620949328785,0.00155620949328785,0,,,,,
ACOLITE+RAdCor,Walensee,9,443,1,52.224999999999994,52.224999999999994,52.224999999999994,52.224999999999994,52.224999999999994,1,52.015,52.015,52.015,52.015,52.015,1,0.0036643006987354,0.0036643006987354,0.0036643006987354,0.0036643006987354,0.0036643006987354,1,0.0036643006987354,0.0036643006987354,0.0036643006987354,0.0036643006987354,0.0036643006987354,0,,,,,
Polymer,Walensee,10,443,1,77.375,77.375,77.375,77.375,77.375,1,77.375,77.375,77.375,77.375,77.375,1,0.005259517018154251,0.005259517018154251,0.005259517018154251,0.005259517018154251,0.005259517018154251,1,0.005259517018154251,0.005259517018154251,0.005259517018154251,0.005259517018154251,0.005259517018154251,0,,,,,
GAAC,Walensee,11,443,1,110.48,110.48,110.48,110.48,110.48,1,-110.48,-110.48,-110.48,-110.48,-110.48,1,0.0036597251747753,0.0036597251747753,0.0036597251747753,0.0036597251747753,0.0036597251747753,1,0.0036597251747753,0.0036597251747753,0.0036597251747753,0.0036597251747753,0.0036597251747753,0,,,,,
C2RCC,Walensee,1,490,1,4.82,4.82,4.82,4.82,4.82,1,1.4,1.4,1.4,1.4,1.4,1,0.00046710656372270004,0.00046710656372270004,0.00046710656372270004,0.00046710656372270004,0.00046710656372270004,1,0.00046710656372270004,0.00046710656372270004,0.00046710656372270004,0.00046710656372270004,0.00046710656372270004,0,,,,,
RAdCor+ACOLITE,Walensee,2,490,1,6.295,6.295,6.295,6.295,6.295,1,-5.355,-5.355,-5.355,-5.355,-5.355,1,0.0005899678331498499,0.0005899678331498499,0.0005899678331498499,0.0005899678331498499,0.0005899678331498499,1,0.0005899678331498499,0.0005899678331498499,0.0005899678331498499,0.0005899678331498499,0.0005899678331498499,0,,,,,
Polymer+T-Mart,Walensee,3,490,1,7.475,7.475,7.475,7.475,7.475,1,7.475,7.475,7.475,7.475,7.475,1,0.00073946346407375,0.00073946346407375,0.00073946346407375,0.00073946346407375,0.00073946346407375,1,0.00073946346407375,0.00073946346407375,0.00073946346407375,0.00073946346407375,0.00073946346407375,0,,,,,
ACOLITE+T-Mart,Walensee,4,490,1,10.825,10.825,10.825,10.825,10.825,1,-10.77,-10.77,-10.77,-10.77,-10.77,1,0.00099129541771715,0.00099129541771715,0.00099129541771715,0.00099129541771715,0.00099129541771715,1,0.00099129541771715,0.00099129541771715,0.00099129541771715,0.00099129541771715,0.00099129541771715,0,,,,,
Polymer+Radcor,Walensee,5,490,1,12.754999999999999,12.754999999999999,12.754999999999999,12.754999999999999,12.754999999999999,1,12.675,12.675,12.675,12.675,12.675,1,0.0012510623280707,0.0012510623280707,0.0012510623280707,0.0012510623280707,0.0012510623280707,1,0.0012510623280707,0.0012510623280707,0.0012510623280707,0.0012510623280707,0.0012510623280707,0,,,,,
C2RCC+RAdCor,Walensee,6,490,1,15.915000000000001,15.915000000000001,15.915000000000001,15.915000000000001,15.915000000000001,1,-15.915000000000001,-15.915000000000001,-15.915000000000001,-15.915000000000001,-15.915000000000001,1,0.00136101738805645,0.00136101738805645,0.00136101738805645,0.00136101738805645,0.00136101738805645,1,0.00136101738805645,0.00136101738805645,0.00136101738805645,0.00136101738805645,0.00136101738805645,0,,,,,
ACOLITE+RAdCor,Walensee,7,490,1,16.93,16.93,16.93,16.93,16.93,1,16.665,16.665,16.665,16.665,16.665,1,0.00169245712852805,0.00169245712852805,0.00169245712852805,0.00169245712852805,0.00169245712852805,1,0.00169245712852805,0.00169245712852805,0.00169245712852805,0.00169245712852805,0.00169245712852805,0,,,,,
ACOLITE,Walensee,8,490,1,19.814999999999998,19.814999999999998,19.814999999999998,19.814999999999998,19.814999999999998,1,-19.814999999999998,-19.814999999999998,-19.814999999999998,-19.814999999999998,-19.814999999999998,1,0.0016521994144649,0.0016521994144649,0.0016521994144649,0.0016521994144649,0.0016521994144649,1,0.0016521994144649,0.0016521994144649,0.0016521994144649,0.0016521994144649,0.0016521994144649,0,,,,,
C2RCC+T-Mart,Walensee,9,490,1,20.68,20.68,20.68,20.68,20.68,1,-20.68,-20.68,-20.68,-20.68,-20.68,1,0.0016718467862034498,0.0016718467862034498,0.0016718467862034498,0.0016718467862034498,0.0016718467862034498,1,0.0016718467862034498,0.0016718467862034498,0.0016718467862034498,0.0016718467862034498,0.0016718467862034498,0,,,,,
Polymer,Walensee,10,490,1,36.345,36.345,36.345,36.345,36.345,1,36.345,36.345,36.345,36.345,36.345,1,0.00352511970437015,0.00352511970437015,0.00352511970437015,0.00352511970437015,0.00352511970437015,1,0.00352511970437015,0.00352511970437015,0.00352511970437015,0.00352511970437015,0.00352511970437015,0,,,,,
GAAC,Walensee,11,490,1,54.785,54.785,54.785,54.785,54.785,1,-54.785,-54.785,-54.785,-54.785,-54.785,1,0.0035018592219411,0.0035018592219411,0.0035018592219411,0.0035018592219411,0.0035018592219411,1,0.0035018592219411,0.0035018592219411,0.0035018592219411,0.0035018592219411,0.0035018592219411,0,,,,,
Polymer+Radcor,Walensee,1,560,1,3.935,3.935,3.935,3.935,3.935,1,2.42,2.42,2.42,2.42,2.42,1,0.0004125372861928,0.0004125372861928,0.0004125372861928,0.0004125372861928,0.0004125372861928,1,0.0004125372861928,0.0004125372861928,0.0004125372861928,0.0004125372861928,0.0004125372861928,0,,,,,
Polymer+T-Mart,Walensee,2,560,1,4.225,4.225,4.225,4.225,4.225,1,-0.575,-0.575,-0.575,-0.575,-0.575,1,0.000456759701381,0.000456759701381,0.000456759701381,0.000456759701381,0.000456759701381,1,0.000456759701381,0.000456759701381,0.000456759701381,0.000456759701381,0.000456759701381,0,,,,,
RAdCor+ACOLITE,Walensee,3,560,1,5.725,5.725,5.725,5.725,5.725,1,-3.4800000000000004,-3.4800000000000004,-3.4800000000000004,-3.4800000000000004,-3.4800000000000004,1,0.0006128138811874,0.0006128138811874,0.0006128138811874,0.0006128138811874,0.0006128138811874,1,0.0006128138811874,0.0006128138811874,0.0006128138811874,0.0006128138811874,0.0006128138811874,0,,,,,
ACOLITE,Walensee,4,560,1,6.2,6.2,6.2,6.2,6.2,1,-5.1,-5.1,-5.1,-5.1,-5.1,1,0.00065446196639915,0.00065446196639915,0.00065446196639915,0.00065446196639915,0.00065446196639915,1,0.00065446196639915,0.00065446196639915,0.00065446196639915,0.00065446196639915,0.00065446196639915,0,,,,,
ACOLITE+T-Mart,Walensee,5,560,1,6.795,6.795,6.795,6.795,6.795,1,-6.145,-6.145,-6.145,-6.145,-6.145,1,0.00070233085880105,0.00070233085880105,0.00070233085880105,0.00070233085880105,0.00070233085880105,1,0.00070233085880105,0.00070233085880105,0.00070233085880105,0.00070233085880105,0.00070233085880105,0,,,,,
ACOLITE+RAdCor,Walensee,6,560,1,7.22,7.22,7.22,7.22,7.22,1,5.71,5.71,5.71,5.71,5.71,1,0.00079834982762285,0.00079834982762285,0.00079834982762285,0.00079834982762285,0.00079834982762285,1,0.00079834982762285,0.00079834982762285,0.00079834982762285,0.00079834982762285,0.00079834982762285,0,,,,,
Polymer,Walensee,7,560,1,14.17,14.17,14.17,14.17,14.17,1,14.17,14.17,14.17,14.17,14.17,1,0.0015519704078337999,0.0015519704078337999,0.0015519704078337999,0.0015519704078337999,0.0015519704078337999,1,0.0015519704078337999,0.0015519704078337999,0.0015519704078337999,0.0015519704078337999,0.0015519704078337999,0,,,,,
GAAC,Walensee,8,560,1,30.494999999999997,30.494999999999997,30.494999999999997,30.494999999999997,30.494999999999997,1,-30.494999999999997,-30.494999999999997,-30.494999999999997,-30.494999999999997,-30.494999999999997,1,0.00258135161255075,0.00258135161255075,0.00258135161255075,0.00258135161255075,0.00258135161255075,1,0.00258135161255075,0.00258135161255075,0.00258135161255075,0.00258135161255075,0.00258135161255075,0,,,,,
C2RCC+RAdCor,Walensee,9,560,1,33.46,33.46,33.46,33.46,33.46,1,-33.46,-33.46,-33.46,-33.46,-33.46,1,0.0027715648984800003,0.0027715648984800003,0.0027715648984800003,0.0027715648984800003,0.0027715648984800003,1,0.0027715648984800003,0.0027715648984800003,0.0027715648984800003,0.0027715648984800003,0.0027715648984800003,0,,,,,
C2RCC+T-Mart,Walensee,10,560,1,37.74,37.74,37.74,37.74,37.74,1,-37.74,-37.74,-37.74,-37.74,-37.74,1,0.00303308068920685,0.00303308068920685,0.00303308068920685,0.00303308068920685,0.00303308068920685,1,0.00303308068920685,0.00303308068920685,0.00303308068920685,0.00303308068920685,0.00303308068920685,0,,,,,
C2RCC,Walensee,11,560,1,68.49,68.49,68.49,68.49,68.49,1,-68.49,-68.49,-68.49,-68.49,-68.49,1,0.0045139883784028004,0.0045139883784028004,0.0045139883784028004,0.0045139883784028004,0.0045139883784028004,1,0.0045139883784028004,0.0045139883784028004,0.0045139883784028004,0.0045139883784028004,0.0045139883784028004,0,,,,,
RAdCor+ACOLITE,Walensee,1,665,1,13.170000000000002,13.170000000000002,13.170000000000002,13.170000000000002,13.170000000000002,1,-6.625,-6.625,-6.625,-6.625,-6.625,1,0.0002804533207857,0.0002804533207857,0.0002804533207857,0.0002804533207857,0.0002804533207857,1,0.0002804533207857,0.0002804533207857,0.0002804533207857,0.0002804533207857,0.0002804533207857,0,,,,,
Polymer+Radcor,Walensee,2,665,1,13.995000000000001,13.995000000000001,13.995000000000001,13.995000000000001,13.995000000000001,1,-9.254999999999999,-9.254999999999999,-9.254999999999999,-9.254999999999999,-9.254999999999999,1,0.000290018680453,0.000290018680453,0.000290018680453,0.000290018680453,0.000290018680453,1,0.000290018680453,0.000290018680453,0.000290018680453,0.000290018680453,0.000290018680453,0,,,,,
ACOLITE,Walensee,3,665,1,16.185000000000002,16.185000000000002,16.185000000000002,16.185000000000002,16.185000000000002,1,-14.85,-14.85,-14.85,-14.85,-14.85,1,0.00033709407890665,0.00033709407890665,0.00033709407890665,0.00033709407890665,0.00033709407890665,1,0.00033709407890665,0.00033709407890665,0.00033709407890665,0.00033709407890665,0.00033709407890665,0,,,,,
ACOLITE+T-Mart,Walensee,4,665,1,16.71,16.71,16.71,16.71,16.71,1,-14.565000000000001,-14.565000000000001,-14.565000000000001,-14.565000000000001,-14.565000000000001,1,0.00034079427285609997,0.00034079427285609997,0.00034079427285609997,0.00034079427285609997,0.00034079427285609997,1,0.00034079427285609997,0.00034079427285609997,0.00034079427285609997,0.00034079427285609997,0.00034079427285609997,0,,,,,
Polymer+T-Mart,Walensee,5,665,1,19.4,19.4,19.4,19.4,19.4,1,-18.09,-18.09,-18.09,-18.09,-18.09,1,0.0003771524011835,0.0003771524011835,0.0003771524011835,0.0003771524011835,0.0003771524011835,1,0.0003771524011835,0.0003771524011835,0.0003771524011835,0.0003771524011835,0.0003771524011835,0,,,,,
ACOLITE+RAdCor,Walensee,6,665,1,30.535,30.535,30.535,30.535,30.535,1,25.424999999999997,25.424999999999997,25.424999999999997,25.424999999999997,25.424999999999997,1,0.0007167553141587,0.0007167553141587,0.0007167553141587,0.0007167553141587,0.0007167553141587,1,0.0007167553141587,0.0007167553141587,0.0007167553141587,0.0007167553141587,0.0007167553141587,0,,,,,
GAAC,Walensee,7,665,1,60.290000000000006,60.290000000000006,60.290000000000006,60.290000000000006,60.290000000000006,1,-60.290000000000006,-60.290000000000006,-60.290000000000006,-60.290000000000006,-60.290000000000006,1,0.0008972299423986,0.0008972299423986,0.0008972299423986,0.0008972299423986,0.0008972299423986,1,0.0008972299423986,0.0008972299423986,0.0008972299423986,0.0008972299423986,0.0008972299423986,0,,,,,
C2RCC+RAdCor,Walensee,8,665,1,73.77,73.77,73.77,73.77,73.77,1,-73.77,-73.77,-73.77,-73.77,-73.77,1,0.00101118859875885,0.00101118859875885,0.00101118859875885,0.00101118859875885,0.00101118859875885,1,0.00101118859875885,0.00101118859875885,0.00101118859875885,0.00101118859875885,0.00101118859875885,0,,,,,
Polymer,Walensee,9,665,1,74.60499999999999,74.60499999999999,74.60499999999999,74.60499999999999,74.60499999999999,1,-74.60499999999999,-74.60499999999999,-74.60499999999999,-74.60499999999999,-74.60499999999999,1,0.0009973152074641,0.0009973152074641,0.0009973152074641,0.0009973152074641,0.0009973152074641,1,0.0009973152074641,0.0009973152074641,0.0009973152074641,0.0009973152074641,0.0009973152074641,0,,,,,
C2RCC+T-Mart,Walensee,10,665,1,82.14,82.14,82.14,82.14,82.14,1,-82.14,-82.14,-82.14,-82.14,-82.14,1,0.0010709001521172,0.0010709001521172,0.0010709001521172,0.0010709001521172,0.0010709001521172,1,0.0010709001521172,0.0010709001521172,0.0010709001521172,0.0010709001521172,0.0010709001521172,0,,,,,
C2RCC,Walensee,11,665,1,191.625,191.625,191.625,191.625,191.625,1,-191.625,-191.625,-191.625,-191.625,-191.625,1,0.0015252826475118,0.0015252826475118,0.0015252826475118,0.0015252826475118,0.0015252826475118,1,0.0015252826475118,0.0015252826475118,0.0015252826475118,0.0015252826475118,0.0015252826475118,0,,,,,
ACOLITE+T-Mart,Walensee,1,704,1,27.545,27.545,27.545,27.545,27.545,1,21.225,21.225,21.225,21.225,21.225,1,0.00034831467109945,0.00034831467109945,0.00034831467109945,0.00034831467109945,0.00034831467109945,1,0.00034831467109945,0.00034831467109945,0.00034831467109945,0.00034831467109945,0.00034831467109945,0,,,,,
RAdCor+ACOLITE,Walensee,2,704,1,33.785,33.785,33.785,33.785,33.785,1,28.975,28.975,28.975,28.975,28.975,1,0.0004229689894959,0.0004229689894959,0.0004229689894959,0.0004229689894959,0.0004229689894959,1,0.0004229689894959,0.0004229689894959,0.0004229689894959,0.0004229689894959,0.0004229689894959,0,,,,,
ACOLITE+RAdCor,Walensee,3,704,1,39.93,39.93,39.93,39.93,39.93,1,33.06,33.06,33.06,33.06,33.06,1,0.0005094290693354,0.0005094290693354,0.0005094290693354,0.0005094290693354,0.0005094290693354,1,0.0005094290693354,0.0005094290693354,0.0005094290693354,0.0005094290693354,0.0005094290693354,0,,,,,
C2RCC+RAdCor,Walensee,4,704,1,61.620000000000005,61.620000000000005,61.620000000000005,61.620000000000005,61.620000000000005,1,-61.2,-61.2,-61.2,-61.2,-61.2,1,0.0004967428098994,0.0004967428098994,0.0004967428098994,0.0004967428098994,0.0004967428098994,1,0.0004967428098994,0.0004967428098994,0.0004967428098994,0.0004967428098994,0.0004967428098994,0,,,,,
C2RCC+T-Mart,Walensee,5,704,1,70.16999999999999,70.16999999999999,70.16999999999999,70.16999999999999,70.16999999999999,1,-69.43,-69.43,-69.43,-69.43,-69.43,1,0.00053990464135555,0.00053990464135555,0.00053990464135555,0.00053990464135555,0.00053990464135555,1,0.00053990464135555,0.00053990464135555,0.00053990464135555,0.00053990464135555,0.00053990464135555,0,,,,,
ACOLITE,Walensee,6,704,1,79.53999999999999,79.53999999999999,79.53999999999999,79.53999999999999,79.53999999999999,1,79.53999999999999,79.53999999999999,79.53999999999999,79.53999999999999,79.53999999999999,1,0.0010871390980674,0.0010871390980674,0.0010871390980674,0.0010871390980674,0.0010871390980674,1,0.0010871390980674,0.0010871390980674,0.0010871390980674,0.0010871390980674,0.0010871390980674,0,,,,,
GAAC,Walensee,7,704,1,90.18,90.18,90.18,90.18,90.18,1,-89.47,-89.47,-89.47,-89.47,-89.47,1,0.0006204971777453,0.0006204971777453,0.0006204971777453,0.0006204971777453,0.0006204971777453,1,0.0006204971777453,0.0006204971777453,0.0006204971777453,0.0006204971777453,0.0006204971777453,0,,,,,
Polymer+Radcor,Walensee,8,704,1,121.09,121.09,121.09,121.09,121.09,1,-120.125,-120.125,-120.125,-120.125,-120.125,1,0.00072655163507665,0.00072655163507665,0.00072655163507665,0.00072655163507665,0.00072655163507665,1,0.00072655163507665,0.00072655163507665,0.00072655163507665,0.00072655163507665,0.00072655163507665,0,,,,,
Polymer+T-Mart,Walensee,9,704,1,123.45,123.45,123.45,123.45,123.45,1,-120.53,-120.53,-120.53,-120.53,-120.53,1,0.00073450826321585,0.00073450826321585,0.00073450826321585,0.00073450826321585,0.00073450826321585,1,0.00073450826321585,0.00073450826321585,0.00073450826321585,0.00073450826321585,0.00073450826321585,0,,,,,
C2RCC,Walensee,10,704,1,179.03,179.03,179.03,179.03,179.03,1,-179.03,-179.03,-179.03,-179.03,-179.03,1,0.0008321086926115001,0.0008321086926115001,0.0008321086926115001,0.0008321086926115001,0.0008321086926115001,1,0.0008321086926115001,0.0008321086926115001,0.0008321086926115001,0.0008321086926115001,0.0008321086926115001,0,,,,,
Polymer,Walensee,11,704,1,3413.77,3413.77,3413.77,3413.77,3413.77,1,-3413.77,-3413.77,-3413.77,-3413.77,-3413.77,1,0.0012598419839305,0.0012598419839305,0.0012598419839305,0.0012598419839305,0.0012598419839305,1,0.0012598419839305,0.0012598419839305,0.0012598419839305,0.0012598419839305,0.0012598419839305,0,,,,,
RAdCor+ACOLITE,Walensee,1,overall,1,8.765,8.765,8.765,8.765,8.765,1,-1.6600000000000001,-1.6600000000000001,-1.6600000000000001,-1.6600000000000001,-1.6600000000000001,1,0.00052,0.00052,0.00052,0.00052,0.00052,1,0.00059,0.00059,0.00059,0.00059,0.00059,1,2.971680980105959,2.971680980105959,2.971680980105959,2.971680980105959,2.971680980105959
ACOLITE+T-Mart,Walensee,2,overall,1,10.555,10.555,10.555,10.555,10.555,1,-6.345000000000001,-6.345000000000001,-6.345000000000001,-6.345000000000001,-6.345000000000001,1,0.00057,0.00057,0.00057,0.00057,0.00057,1,0.000645,0.000645,0.000645,0.000645,0.000645,1,2.661035433092728,2.661035433092728,2.661035433092728,2.661035433092728,2.661035433092728
Polymer+T-Mart,Walensee,3,overall,1,13.305,13.305,13.305,13.305,13.305,1,-0.16,-0.16,-0.16,-0.16,-0.16,1,0.0007,0.0007,0.0007,0.0007,0.0007,1,0.00078,0.00078,0.00078,0.00078,0.00078,1,4.761917647347762,4.761917647347762,4.761917647347762,4.761917647347762,4.761917647347762
Polymer+Radcor,Walensee,4,overall,1,15.36,15.36,15.36,15.36,15.36,1,2.95,2.95,2.95,2.95,2.95,1,0.00082,0.00082,0.00082,0.00082,0.00082,1,0.00096,0.00096,0.00096,0.00096,0.00096,1,4.481682454683944,4.481682454683944,4.481682454683944,4.481682454683944,4.481682454683944
ACOLITE,Walensee,5,overall,1,20.634999999999998,20.634999999999998,20.634999999999998,20.634999999999998,20.634999999999998,1,-14.344999999999999,-14.344999999999999,-14.344999999999999,-14.344999999999999,-14.344999999999999,1,0.001005,0.001005,0.001005,0.001005,0.001005,1,0.001115,0.001115,0.001115,0.001115,0.001115,1,6.36632830988311,6.36632830988311,6.36632830988311,6.36632830988311,6.36632830988311
ACOLITE+RAdCor,Walensee,6,overall,1,26.17049216546246,26.17049216546246,26.17049216546246,26.17049216546246,26.17049216546246,1,23.28,23.28,23.28,23.28,23.28,1,0.001455,0.001455,0.001455,0.001455,0.001455,1,0.00188,0.00188,0.00188,0.00188,0.00188,1,8.05413179257806,8.05413179257806,8.05413179257806,8.05413179257806,8.05413179257806
C2RCC+RAdCor,Walensee,7,overall,1,33.370000000000005,33.370000000000005,33.370000000000005,33.370000000000005,33.370000000000005,1,-33.370000000000005,-33.370000000000005,-33.370000000000005,-33.370000000000005,-33.370000000000005,1,0.00139,0.00139,0.00139,0.00139,0.00139,1,0.00164,0.00164,0.00164,0.00164,0.00164,1,4.148343016172131,4.148343016172131,4.148343016172131,4.148343016172131,4.148343016172131
C2RCC+T-Mart,Walensee,8,overall,1,38.345,38.345,38.345,38.345,38.345,1,-38.345,-38.345,-38.345,-38.345,-38.345,1,0.00156,0.00156,0.00156,0.00156,0.00156,1,0.00183,0.00183,0.00183,0.00183,0.00183,1,4.098419117829112,4.098419117829112,4.098419117829112,4.098419117829112,4.098419117829112
Polymer,Walensee,9,overall,1,50.92446167815895,50.92446167815895,50.92446167815895,50.92446167815895,50.92446167815895,1,23.2845977462392,23.2845977462392,23.2845977462392,23.2845977462392,23.2845977462392,1,0.0027597656640301,0.0027597656640301,0.0027597656640301,0.0027597656640301,0.0027597656640301,1,0.00325186254266045,0.00325186254266045,0.00325186254266045,0.00325186254266045,0.00325186254266045,1,10.998894287010742,10.998894287010742,10.998894287010742,10.998894287010742,10.998894287010742
GAAC,Walensee,10,overall,1,60.61,60.61,60.61,60.61,60.61,1,-60.61,-60.61,-60.61,-60.61,-60.61,1,0.00225,0.00225,0.00225,0.00225,0.00225,1,0.0025849999999999996,0.0025849999999999996,0.0025849999999999996,0.0025849999999999996,0.0025849999999999996,1,9.183094330052077,9.183094330052077,9.183094330052077,9.183094330052077,9.183094330052077
C2RCC,Walensee,11,overall,1,68.49,68.49,68.49,68.49,68.49,1,-68.49,-68.49,-68.49,-68.49,-68.49,1,0.001625,0.001625,0.001625,0.001625,0.001625,1,0.00228,0.00228,0.00228,0.00228,0.00228,1,16.035027420929623,16.035027420929623,16.035027420929623,16.035027420929623,16.035027420929623
