processor,display_name,row_weighted_MSA,row_weighted_IQR,campaign_weighted_MSA,row_to_campaign_divergence
ACOLITE,ACOLITE DSF,12.305,20.4075,20.635,8.33
RAdCor+ACOLITE,RAdCor + ACOLITE DSF,17.135,16.5275,22.05,4.915
Polymer+T-Mart,T-Mart + POLYMER,23.325,14.105,22.97,0.355
ACOLITE+T-Mart,T-Mart + ACOLITE DSF,15.635,25.6975,23.39,7.755
ACOLITE+RAdCor,ACOLITE TSDSF + RAdCor,16.37,64.1325,26.1705,9.8005
Polymer+Radcor,RAdCor + POLYMER,28.63,16.505,29.815,1.185
C2RCC+T-Mart,T-Mart + C2RCC,28.69,37.4525,44.41,15.72
Polymer,POLYMER,32.395,24.3346,45.48,13.085
GAAC,GAAC,17.39,41.1075,46.155,28.765
C2RCC+RAdCor,RAdCor + C2RCC,44.53,38.57,49.07,4.54
C2RCC,C2RCC,56.22,44.3,59.27,3.05
