file,n_wavelength_band_rejections,n_rows_touched,n_rows_total
C:\Users\puehrifi\Documents\AE_personal_migration\results\stats\performance_metrics\20230610_CST\20230610_CST_L8_per_datapoint_metrics_with_per_wavelength_and_overall.csv,0,0,3795
C:\Users\puehrifi\Documents\AE_personal_migration\results\stats\performance_metrics\20230610_CST\20230610_CST_S2B_per_datapoint_metrics_with_per_wavelength_and_overall.csv,2,2,3795
C:\Users\puehrifi\Documents\AE_personal_migration\results\stats\performance_metrics\20231008_ZRH\20231008_ZRH_L9_per_datapoint_metrics_with_per_wavelength_and_overall.csv,0,0,10593
C:\Users\puehrifi\Documents\AE_personal_migration\results\stats\performance_metrics\20231008_ZRH\20231008_ZRH_S2B_per_datapoint_metrics_with_per_wavelength_and_overall.csv,460,440,10593
C:\Users\puehrifi\Documents\AE_personal_migration\results\stats\performance_metrics\20240618_BIE\20240618_BIE_L9_per_datapoint_metrics_with_per_wavelength_and_overall.csv,0,0,1001
C:\Users\puehrifi\Documents\AE_personal_migration\results\stats\performance_metrics\20240619_WAL\20240619_WAL_S2A_per_datapoint_metrics_with_per_wavelength_and_overall.csv,198,197,2310
C:\Users\puehrifi\Documents\AE_personal_migration\results\stats\performance_metrics\20250303_CST\20250303_CST_L9_per_datapoint_metrics_with_per_wavelength_and_overall.csv,69,31,341
C:\Users\puehrifi\Documents\AE_personal_migration\results\stats\performance_metrics\20260226_ZRH\20260226_ZRH_L8_per_datapoint_metrics_with_per_wavelength_and_overall.csv,32,32,2508
C:\Users\puehrifi\Documents\AE_personal_migration\results\stats\performance_metrics\20260227_ZRH\20260227_ZRH_S2B_per_datapoint_metrics_with_per_wavelength_and_overall.csv,108,108,2167
C:\Users\puehrifi\Documents\AE_personal_migration\results\stats\performance_metrics\20260423_ZRH\20260423_ZRH_L9_per_datapoint_metrics_with_per_wavelength_and_overall.csv,0,0,1540
C:\Users\puehrifi\Documents\AE_personal_migration\results\stats\performance_metrics\20260430_ZRH\20260430_ZRH_L9_per_datapoint_metrics_with_per_wavelength_and_overall.csv,0,0,1595
