campaign,sensor,scene_datetime,n_matchup_measurements,scene_time_fallback_no_input_overpass,merra2_matchup_lon,merra2_matchup_lat,merra2_variables,merra2_collection,merra2_source_url,merra2_variable,merra2_source_time_utc,merra2_time_offset_min,merra2_interpolation_method,merra2_interpolation_before_time_utc,merra2_interpolation_after_time_utc,merra2_interpolation_weight_after,merra2_interpolation_window_min,merra2_spatial_method,merra2_interpolation_target_lon,merra2_interpolation_target_lat,merra2_grid_lon,merra2_grid_lat,merra2_interpolation_lon_lower,merra2_interpolation_lon_upper,merra2_interpolation_lon_weight_upper,merra2_interpolation_lat_lower,merra2_interpolation_lat_upper,merra2_interpolation_lat_weight_upper,merra2_totscatau_550,merra2_totexttau_550,cams_aot550,cams_variable,cams_dataset,cams_source_file,cams_source_time_utc,cams_time_offset_min,cams_interpolation_method,cams_interpolation_before_time_utc,cams_interpolation_after_time_utc,cams_interpolation_weight_after,cams_interpolation_window_min,cams_spatial_method,cams_interpolation_target_lon,cams_interpolation_target_lat,cams_grid_lon,cams_grid_lat,cams_interpolation_lon_lower,cams_interpolation_lon_upper,cams_interpolation_lon_weight_upper,cams_interpolation_lat_lower,cams_interpolation_lat_upper,cams_interpolation_lat_weight_upper,cams_status,aeronet_aot550,aeronet_site,aeronet_site_lon,aeronet_site_lat,aeronet_site_elevation_m,aeronet_distance_km,aeronet_spatial_method,aeronet_level,aeronet_aot550_method,aeronet_source_url,aeronet_status,aeronet_source_time_utc,aeronet_time_offset_min,aeronet_interpolation_method,aeronet_interpolation_before_time_utc,aeronet_interpolation_after_time_utc,aeronet_interpolation_weight_after,aeronet_interpolation_window_min,aeronet_interpolation_before_aot550_method,aeronet_interpolation_after_aot550_method
20230610_CST,L8,2023-06-10T10:09:45.131883+00:00,379,False,9.474781422506597,47.56720693598944,"TOTSCATAU,TOTEXTTAU",M2T1NXAER.5.12.4,https://goldsmr4.gesdisc.eosdis.nasa.gov/data/MERRA2/M2T1NXAER.5.12.4/2023/06/MERRA2_400.tavg1_2d_aer_Nx.20230610.nc4,TOTEXTTAU,2023-06-10T10:30:00+00:00,20.24780195,linear_time,2023-06-10T09:30:00+00:00,2023-06-10T10:30:00+00:00,0.6625366341666666,60.0,bilinear,9.474781422506597,47.56720693598944,9.375,47.5,9.375,10.0,0.1596502760105551,47.5,48.0,0.13441387197887877,0.1014815498289245,0.11042263082368475,0.17502134896042704,aod550,cams-global-reanalysis-eac4,C:\Users\puehrifi\Documents\AE_personal_migration\results\stats\processor_comparison\cams_cache\cams_aot550_20230610.nc,2023-06-10T09:00:00+00:00,69.75219805,linear_time,2023-06-10T09:00:00+00:00,2023-06-10T12:00:00+00:00,0.3875122113888889,180.0,bilinear,9.474781422506597,47.56720693598944,9.75,47.25,9.0,9.75,0.6330418966754626,47.25,48.0,0.4229425813192525,ok,0.12634408014679097,Davos,9.84369,46.81281,1589.0,88.39545499431702,nearest_station,AOD20,angstrom_from_500nm,https://aeronet.gsfc.nasa.gov/cgi-bin/print_web_data_v3?site=Davos&year=2023&month=6&day=10&year2=2023&month2=6&day2=10&AOD20=1&AVG=10&if_no_html=1,ok,2023-06-10T10:10:45+00:00,0.9978019499999999,linear_time,2023-06-10T10:05:45+00:00,2023-06-10T10:10:45+00:00,0.80043961,5.0,angstrom_from_500nm,angstrom_from_500nm
20230610_CST,S2B,2023-06-10T10:16:09.024000+00:00,379,False,9.474781422506597,47.56720693598944,"TOTSCATAU,TOTEXTTAU",M2T1NXAER.5.12.4,https://goldsmr4.gesdisc.eosdis.nasa.gov/data/MERRA2/M2T1NXAER.5.12.4/2023/06/MERRA2_400.tavg1_2d_aer_Nx.20230610.nc4,TOTEXTTAU,2023-06-10T10:30:00+00:00,13.8496,linear_time,2023-06-10T09:30:00+00:00,2023-06-10T10:30:00+00:00,0.7691733333333333,60.0,bilinear,9.474781422506597,47.56720693598944,9.375,47.5,9.375,10.0,0.1596502760105551,47.5,48.0,0.13441387197887877,0.10100801412877167,0.10992181318187895,0.17748997986713422,aod550,cams-global-reanalysis-eac4,C:\Users\puehrifi\Documents\AE_personal_migration\results\stats\processor_comparison\cams_cache\cams_aot550_20230610.nc,2023-06-10T09:00:00+00:00,76.1504,linear_time,2023-06-10T09:00:00+00:00,2023-06-10T12:00:00+00:00,0.4230577777777778,180.0,bilinear,9.474781422506597,47.56720693598944,9.75,47.25,9.0,9.75,0.6330418966754626,47.25,48.0,0.4229425813192525,ok,0.12502135055736602,Davos,9.84369,46.81281,1589.0,88.39545499431702,nearest_station,AOD20,angstrom_from_500nm,https://aeronet.gsfc.nasa.gov/cgi-bin/print_web_data_v3?site=Davos&year=2023&month=6&day=10&year2=2023&month2=6&day2=10&AOD20=1&AVG=10&if_no_html=1,ok,2023-06-10T10:15:45+00:00,0.40040000000000003,linear_time,2023-06-10T10:15:45+00:00,2023-06-10T10:20:45+00:00,0.08008,5.0,angstrom_from_500nm,angstrom_from_500nm
20231008_ZRH,L9,2023-10-08T10:10:27.428473900+00:00,890,False,8.688463825282023,47.24030913285394,"TOTSCATAU,TOTEXTTAU",M2T1NXAER.5.12.4,https://goldsmr4.gesdisc.eosdis.nasa.gov/data/MERRA2/M2T1NXAER.5.12.4/2023/10/MERRA2_400.tavg1_2d_aer_Nx.20231008.nc4,TOTEXTTAU,2023-10-08T10:30:00+00:00,19.542858766666665,linear_time,2023-10-08T09:30:00+00:00,2023-10-08T10:30:00+00:00,0.6742856869444445,60.0,bilinear,8.688463825282023,47.24030913285394,8.75,47.0,8.125,8.75,0.9015421204512364,47.0,47.5,0.480618265707875,0.139590684813373,0.15020248514126786,0.2150680929859789,aod550,cams-global-reanalysis-eac4,C:\Users\puehrifi\Documents\AE_personal_migration\results\stats\processor_comparison\cams_cache\cams_aot550_20231008.nc,2023-10-08T09:00:00+00:00,70.45714123333333,linear_time,2023-10-08T09:00:00+00:00,2023-10-08T12:00:00+00:00,0.3914285623148148,180.0,bilinear,8.688463825282023,47.24030913285394,9.0,47.25,8.25,9.0,0.5846184337093637,46.5,47.25,0.98707884380525,ok,0.19500008398203536,Laegeren,8.364389,47.478333,689.0,36.00508556656434,nearest_station,AOD15,angstrom_from_500nm,https://aeronet.gsfc.nasa.gov/cgi-bin/print_web_data_v3?site=Laegeren&year=2023&month=10&day=8&year2=2023&month2=10&day2=8&AOD15=1&AVG=10&if_no_html=1,ok,2023-10-08T10:10:01+00:00,0.4404745666666667,linear_time,2023-10-08T10:10:01+00:00,2023-10-08T10:15:01+00:00,0.08809491,5.0,angstrom_from_500nm,angstrom_from_500nm
20231008_ZRH,S2B,2023-10-08T10:18:29.024000+00:00,890,False,8.688463825282023,47.24030913285394,"TOTSCATAU,TOTEXTTAU",M2T1NXAER.5.12.4,https://goldsmr4.gesdisc.eosdis.nasa.gov/data/MERRA2/M2T1NXAER.5.12.4/2023/10/MERRA2_400.tavg1_2d_aer_Nx.20231008.nc4,TOTEXTTAU,2023-10-08T10:30:00+00:00,11.516266666666667,linear_time,2023-10-08T09:30:00+00:00,2023-10-08T10:30:00+00:00,0.8080622222222222,60.0,bilinear,8.688463825282023,47.24030913285394,8.75,47.0,8.125,8.75,0.9015421204512364,47.0,47.5,0.480618265707875,0.14107580906882763,0.15177080824108846,0.20930524265286038,aod550,cams-global-reanalysis-eac4,C:\Users\puehrifi\Documents\AE_personal_migration\results\stats\processor_comparison\cams_cache\cams_aot550_20231008.nc,2023-10-08T09:00:00+00:00,78.48373333333333,linear_time,2023-10-08T09:00:00+00:00,2023-10-08T12:00:00+00:00,0.43602074074074076,180.0,bilinear,8.688463825282023,47.24030913285394,9.0,47.25,8.25,9.0,0.5846184337093637,46.5,47.25,0.98707884380525,ok,0.1854981401173343,Payerne,6.942019,46.812408,491.0,140.66335314201467,nearest_station,AOD20,angstrom_from_500nm,https://aeronet.gsfc.nasa.gov/cgi-bin/print_web_data_v3?site=Payerne&year=2023&month=10&day=8&year2=2023&month2=10&day2=8&AOD20=1&AVG=10&if_no_html=1,ok,2023-10-08T10:17:42+00:00,0.7837333333333334,linear_time,2023-10-08T10:17:42+00:00,2023-10-08T10:20:42+00:00,0.26124444444444445,3.0,angstrom_from_500nm,angstrom_from_500nm
20240618_BIE,L9,2024-06-18T10:21:50.441329+00:00,85,False,7.148154929411764,47.05513936470588,"TOTSCATAU,TOTEXTTAU",M2T1NXAER.5.12.4,https://goldsmr4.gesdisc.eosdis.nasa.gov/data/MERRA2/M2T1NXAER.5.12.4/2024/06/MERRA2_400.tavg1_2d_aer_Nx.20240618.nc4,TOTEXTTAU,2024-06-18T10:30:00+00:00,8.159311183333333,linear_time,2024-06-18T09:30:00+00:00,2024-06-18T10:30:00+00:00,0.8640114802777779,60.0,bilinear,7.148154929411764,47.05513936470588,6.875,47.0,6.875,7.5,0.4370478870588229,47.0,47.5,0.11027872941176042,0.1318158909496893,0.14072693291488056,0.15865304179540024,aod550,cams-global-reanalysis-eac4,C:\Users\puehrifi\Documents\AE_personal_migration\results\stats\processor_comparison\cams_cache\cams_aot550_20240618.nc,2024-06-18T09:00:00+00:00,81.84068881666667,linear_time,2024-06-18T09:00:00+00:00,2024-06-18T12:00:00+00:00,0.45467049342592597,180.0,bilinear,7.148154929411764,47.05513936470588,7.5,47.25,6.75,7.5,0.5308732392156857,46.5,47.25,0.7401858196078402,ok,0.28150912636285835,Payerne,6.942019,46.812408,491.0,31.200300943643665,nearest_station,AOD10,angstrom_from_500nm,https://aeronet.gsfc.nasa.gov/cgi-bin/print_web_data_v3?site=Payerne&year=2024&month=6&day=18&year2=2024&month2=6&day2=18&AOD10=1&AVG=10&if_no_html=1,ok,2024-06-18T10:22:02+00:00,0.19264451666666668,linear_time,2024-06-18T10:19:02+00:00,2024-06-18T10:22:02+00:00,0.9357851611111111,3.0,angstrom_from_500nm,angstrom_from_500nm
20240619_WAL,S2A,2024-06-19T10:20:31.024000+00:00,215,False,9.149358104386046,47.128612123534886,"TOTSCATAU,TOTEXTTAU",M2T1NXAER.5.12.4,https://goldsmr4.gesdisc.eosdis.nasa.gov/data/MERRA2/M2T1NXAER.5.12.4/2024/06/MERRA2_400.tavg1_2d_aer_Nx.20240619.nc4,TOTEXTTAU,2024-06-19T10:30:00+00:00,9.482933333333333,linear_time,2024-06-19T09:30:00+00:00,2024-06-19T10:30:00+00:00,0.8419511111111111,60.0,bilinear,9.149358104386046,47.128612123534886,9.375,47.0,8.75,9.375,0.6389729670176735,47.0,47.5,0.25722424706977165,0.10372759136144648,0.11145388063244925,0.17666215246981481,aod550,cams-global-reanalysis-eac4,C:\Users\puehrifi\Documents\AE_personal_migration\results\stats\processor_comparison\cams_cache\cams_aot550_20240619.nc,2024-06-19T09:00:00+00:00,80.51706666666668,linear_time,2024-06-19T09:00:00+00:00,2024-06-19T12:00:00+00:00,0.44731703703703707,180.0,bilinear,9.149358104386046,47.128612123534886,9.0,47.25,9.0,9.75,0.19914413918139454,46.5,47.25,0.8381494980465144,ok,0.19512886986291794,Payerne,6.942019,46.812408,491.0,171.12987354596115,nearest_station,AOD20,angstrom_from_500nm,https://aeronet.gsfc.nasa.gov/cgi-bin/print_web_data_v3?site=Payerne&year=2024&month=6&day=19&year2=2024&month2=6&day2=19&AOD20=1&AVG=10&if_no_html=1,ok,2024-06-19T10:19:14+00:00,1.2837333333333334,linear_time,2024-06-19T10:19:14+00:00,2024-06-19T10:22:14+00:00,0.42791111111111113,3.0,angstrom_from_500nm,angstrom_from_500nm
20250303_CST,L9,2025-03-03T10:10:23.842019+00:00,33,False,9.466449947575757,47.52742905484848,"TOTSCATAU,TOTEXTTAU",M2T1NXAER.5.12.4,https://goldsmr4.gesdisc.eosdis.nasa.gov/data/MERRA2/M2T1NXAER.5.12.4/2025/03/MERRA2_400.tavg1_2d_aer_Nx.20250303.nc4,TOTEXTTAU,2025-03-03T10:30:00+00:00,19.60263301666667,linear_time,2025-03-03T09:30:00+00:00,2025-03-03T10:30:00+00:00,0.6732894497222223,60.0,bilinear,9.466449947575757,47.52742905484848,9.375,47.5,9.375,10.0,0.1463199161212117,47.5,48.0,0.054858109696965585,0.04181380617862058,0.04753547518972116,0.02324100699433764,aod550,cams-global-reanalysis-eac4,C:\Users\puehrifi\Documents\AE_personal_migration\results\stats\processor_comparison\cams_cache\cams_aot550_20250303.nc,2025-03-03T09:00:00+00:00,70.39736698333333,linear_time,2025-03-03T09:00:00+00:00,2025-03-03T12:00:00+00:00,0.3910964832407407,180.0,bilinear,9.466449947575757,47.52742905484848,9.75,47.25,9.0,9.75,0.6219332634343431,47.25,48.0,0.3699054064646437,ok,0.04124341592663479,Ispra,8.6267,45.80305,235.0,202.1631613737922,nearest_station,AOD20,angstrom_from_560nm,https://aeronet.gsfc.nasa.gov/cgi-bin/print_web_data_v3?site=Ispra&year=2025&month=3&day=3&year2=2025&month2=3&day2=3&AOD20=1&AVG=10&if_no_html=1,ok,2025-03-03T10:09:53+00:00,0.51403365,linear_time,2025-03-03T10:09:53+00:00,2025-03-03T10:12:00+00:00,0.2428505433070866,2.1166666666666667,angstrom_from_560nm,angstrom_from_560nm
20260226_ZRH,L8,2026-02-26T10:10:19.530084+00:00,233,False,8.583068908811159,47.29495148824034,"TOTSCATAU,TOTEXTTAU",M2T1NXAER.5.12.4,https://goldsmr4.gesdisc.eosdis.nasa.gov/data/MERRA2/M2T1NXAER.5.12.4/2026/02/MERRA2_400.tavg1_2d_aer_Nx.20260226.nc4,TOTEXTTAU,2026-02-26T10:30:00+00:00,19.6744986,linear_time,2026-02-26T09:30:00+00:00,2026-02-26T10:30:00+00:00,0.67209169,60.0,bilinear,8.583068908811159,47.29495148824034,8.75,47.5,8.125,8.75,0.7329102540978539,47.0,47.5,0.5899029764806869,0.05793792086885914,0.06500887495093766,0.046632979220145684,aod550,cams-global-atmospheric-composition-forecasts,C:\Users\puehrifi\Documents\AE_personal_migration\results\stats\processor_comparison\cams_cache\cams_forecast_00utc_aot550_20260226.nc,2026-02-26T10:00:00+00:00,10.3255014,linear_time,2026-02-26T10:00:00+00:00,2026-02-26T11:00:00+00:00,0.17209169,60.0,bilinear,8.583068908811159,47.29495148824034,8.400000000000002,47.2,8.400000000000002,8.800000000000002,0.457672272027891,47.2,47.6,0.23737872060085236,ok,0.05608805368571872,Payerne,6.942019,46.812408,491.0,135.40448834869613,nearest_station,AOD15,angstrom_from_500nm,https://aeronet.gsfc.nasa.gov/cgi-bin/print_web_data_v3?site=Payerne&year=2026&month=2&day=26&year2=2026&month2=2&day2=26&AOD15=1&AVG=10&if_no_html=1,ok,2026-02-26T10:10:23+00:00,0.057831933333333335,linear_time,2026-02-26T10:05:26+00:00,2026-02-26T10:10:23+00:00,0.988316781144781,4.95,angstrom_from_500nm,angstrom_from_500nm
20260227_ZRH,S2B,2026-02-27T10:30:19.024000+00:00,202,False,8.579275825841584,47.304522730841576,"TOTSCATAU,TOTEXTTAU",M2T1NXAER.5.12.4,https://goldsmr4.gesdisc.eosdis.nasa.gov/data/MERRA2/M2T1NXAER.5.12.4/2026/02/MERRA2_400.tavg1_2d_aer_Nx.20260227.nc4,TOTEXTTAU,2026-02-27T10:30:00+00:00,0.31706666666666666,linear_time,2026-02-27T10:30:00+00:00,2026-02-27T11:30:00+00:00,0.005284444444444445,60.0,bilinear,8.579275825841584,47.304522730841576,8.75,47.5,8.125,8.75,0.7268413213465351,47.0,47.5,0.6090454616831522,0.04586486199316184,0.052639412557492896,0.04465595581096686,aod550,cams-global-atmospheric-composition-forecasts,C:\Users\puehrifi\Documents\AE_personal_migration\results\stats\processor_comparison\cams_cache\cams_forecast_00utc_aot550_20260227.nc,2026-02-27T11:00:00+00:00,29.682933333333335,linear_time,2026-02-27T10:00:00+00:00,2026-02-27T11:00:00+00:00,0.5052844444444444,60.0,bilinear,8.579275825841584,47.304522730841576,8.400000000000002,47.2,8.400000000000002,8.800000000000002,0.44818956460395537,47.2,47.6,0.2613068271039341,ok,0.3115438211225463,Ispra,8.6267,45.80305,235.0,166.9955180646439,nearest_station,AOD20,angstrom_from_560nm,https://aeronet.gsfc.nasa.gov/cgi-bin/print_web_data_v3?site=Ispra&year=2026&month=2&day=27&year2=2026&month2=2&day2=27&AOD20=1&AVG=10&if_no_html=1,ok,2026-02-27T10:30:28+00:00,0.14959999999999998,linear_time,2026-02-27T10:27:27+00:00,2026-02-27T10:30:28+00:00,0.9504088397790055,3.0166666666666666,angstrom_from_560nm,angstrom_from_560nm
20260423_ZRH,L9,2026-04-23T10:10:05.071663+00:00,141,False,8.587315436177304,47.2882728896454,"TOTSCATAU,TOTEXTTAU",M2T1NXAER.5.12.4,https://goldsmr4.gesdisc.eosdis.nasa.gov/data/MERRA2/M2T1NXAER.5.12.4/2026/04/MERRA2_400.tavg1_2d_aer_Nx.20260423.nc4,TOTEXTTAU,2026-04-23T10:30:00+00:00,19.915472283333333,linear_time,2026-04-23T09:30:00+00:00,2026-04-23T10:30:00+00:00,0.6680754619444444,60.0,bilinear,8.587315436177304,47.2882728896454,8.75,47.5,8.125,8.75,0.7397046978836869,47.0,47.5,0.5765457792907966,0.04164446407988896,0.047946410811814666,0.07387076632444188,aod550,cams-global-atmospheric-composition-forecasts,C:\Users\puehrifi\Documents\AE_personal_migration\results\stats\processor_comparison\cams_cache\cams_forecast_00utc_aot550_20260423.nc,2026-04-23T10:00:00+00:00,10.084527716666665,linear_time,2026-04-23T10:00:00+00:00,2026-04-23T11:00:00+00:00,0.16807546194444442,60.0,bilinear,8.587315436177304,47.2882728896454,8.400000000000002,47.2,8.400000000000002,8.800000000000002,0.46828859044325505,47.2,47.6,0.22068222411348948,ok,0.07036507167277117,Payerne,6.942019,46.812408,491.0,135.41520805401828,nearest_station,AOD15,angstrom_from_500nm,https://aeronet.gsfc.nasa.gov/cgi-bin/print_web_data_v3?site=Payerne&year=2026&month=4&day=23&year2=2026&month2=4&day2=23&AOD15=1&AVG=10&if_no_html=1,ok,2026-04-23T10:10:18+00:00,0.21547228333333332,linear_time,2026-04-23T10:07:18+00:00,2026-04-23T10:10:18+00:00,0.9281759055555555,3.0,angstrom_from_500nm,angstrom_from_500nm
20260430_ZRH,L9,2026-04-30T10:16:12.351490+00:00,143,False,8.582451295020979,47.29403809783217,"TOTSCATAU,TOTEXTTAU",M2T1NXAER.5.12.4,https://goldsmr4.gesdisc.eosdis.nasa.gov/data/MERRA2/M2T1NXAER.5.12.4/2026/04/MERRA2_400.tavg1_2d_aer_Nx.20260430.nc4,TOTEXTTAU,2026-04-30T10:30:00+00:00,13.794141833333333,linear_time,2026-04-30T09:30:00+00:00,2026-04-30T10:30:00+00:00,0.7700976361111112,60.0,bilinear,8.582451295020979,47.29403809783217,8.75,47.5,8.125,8.75,0.7319220720335664,47.0,47.5,0.5880761956643425,0.06829562594655882,0.07600088443478552,0.08532611015809793,aod550,cams-global-atmospheric-composition-forecasts,C:\Users\puehrifi\Documents\AE_personal_migration\results\stats\processor_comparison\cams_cache\cams_forecast_00utc_aot550_20260430.nc,2026-04-30T10:00:00+00:00,16.205858166666665,linear_time,2026-04-30T10:00:00+00:00,2026-04-30T11:00:00+00:00,0.2700976361111111,60.0,bilinear,8.582451295020979,47.29403809783217,8.400000000000002,47.2,8.400000000000002,8.800000000000002,0.45612823755244186,47.2,47.6,0.2350952445804219,ok,0.026243908244298612,Davos,9.84369,46.81281,1589.0,109.51122731852992,nearest_station,AOD15,angstrom_from_500nm,https://aeronet.gsfc.nasa.gov/cgi-bin/print_web_data_v3?site=Davos&year=2026&month=4&day=30&year2=2026&month2=4&day2=30&AOD15=1&AVG=10&if_no_html=1,ok,2026-04-30T10:15:34+00:00,0.6391915,linear_time,2026-04-30T10:15:34+00:00,2026-04-30T10:18:34+00:00,0.2130638333333333,3.0,angstrom_from_500nm,angstrom_from_500nm
